Country Name,Country Code,Indicator Name,Indicator Code,1960,1961,1962,1963,1964,1965,1966,1967,1968,1969,1970,1971,1972,1973,1974,1975,1976,1977,1978,1979,1980,1981,1982,1983,1984,1985,1986,1987,1988,1989,1990,1991,1992,1993,1994,1995,1996,1997,1998,1999,2000,2001,2002,2003,2004,2005,2006,2007,2008,2009,2010,2011,2012,2013,2014,2015,2016,2017,2018,2019,2020,2021,2022,2023
Aruba,ABW,"Incidence of HIV, ages 15-49 (per 1,000 uninfected population ages 15-49)",SH.HIV.INCD.ZS,,,,,,,,,,,,,,,,,,,,,,,,,,,,,,,,,,,,,,,,,,,,,,,,,,,,,,,,,,,,,,,,
Africa Eastern and Southern,AFE,"Incidence of HIV, ages 15-49 (per 1,000 uninfected population ages 15-49)",SH.HIV.INCD.ZS,,,,,,,,,,,,,,,,,,,,,,,,,,,,,,,7.94905245,8.699958249,9.148873154,9.336630054,9.251984519,8.973732562,8.626991161,8.273506252,7.885117,7.474941799,7.055904418,6.666522266,6.282815963,5.900523143,5.583505006,5.278400698,5.008562261,4.750383331,4.489824608,4.294879987,4.083855438,3.867666239,3.655391821,3.385372851,3.125710429,2.878308462,2.652680806,2.375274319,2.095288916,1.862790523,1.64800644,1.51533272,,
Afghanistan,AFG,"Incidence of HIV, ages 15-49 (per 1,000 uninfected population ages 15-49)",SH.HIV.INCD.ZS,,,,,,,,,,,,,,,,,,,,,,,,,,,,,,,0.01,0.01,0.02,0.02,0.02,0.02,0.02,0.02,0.02,0.03,0.03,0.03,0.04,0.04,0.04,0.04,0.04,0.04,0.04,0.05,0.05,0.05,0.05,0.05,0.05,0.06,0.06,0.06,0.06,0.06,0.06,0.07,,
Africa Western and Central,AFW,"Incidence of HIV, ages 15-49 (per 1,000 uninfected population ages 15-49)",SH.HIV.INCD.ZS,,,,,,,,,,,,,,,,,,,,,,,,,,,,,,,3.214464186,3.460003099,3.636811661,3.758326812,3.662853542,3.639213806,3.529397669,3.314059667,3.069959117,2.867893506,2.617861209,2.3849695,2.181595726,2.010874138,1.875931699,1.757143891,1.627076359,1.520062401,1.44602041,1.350543105,1.25904008,1.196837032,1.137298476,1.04951251,0.985377279,0.942365865,0.902054149,0.840233464,0.79272224,0.746585983,0.656594001,0.516487836,,
Angola,AGO,"Incidence of HIV, ages 15-49 (per 1,000 uninfected population ages 15-49)",SH.HIV.INCD.ZS,,,,,,,,,,,,,,,,,,,,,,,,,,,,,,,0.63,0.75,0.9,1.07,1.27,1.4,1.54,1.74,1.85,2.04,2.07,2.26,2.26,2.31,2.32,2.36,2.36,2.29,2.21,2.17,2.05,1.87,1.83,1.68,1.46,1.3,1.21,1.15,1.08,1.01,0.94,0.86,,
Albania,ALB,"Incidence of HIV, ages 15-49 (per 1,000 uninfected population ages 15-49)",SH.HIV.INCD.ZS,,,,,,,,,,,,,,,,,,,,,,,,,,,,,,,0.01,0.01,0.01,0.01,0.01,0.01,0.01,0.01,0.01,0.01,0.02,0.02,0.03,0.04,0.04,0.05,0.06,0.06,0.06,0.06,0.06,0.06,0.06,0.06,0.06,0.05,0.05,0.05,0.05,0.05,0.05,0.05,,
Andorra,AND,"Incidence of HIV, ages 15-49 (per 1,000 uninfected population ages 15-49)",SH.HIV.INCD.ZS,,,,,,,,,,,,,,,,,,,,,,,,,,,,,,,,,,,,,,,,,,,,,,,,,,,,,,,,,,,,,,,,
Arab World,ARB,"Incidence of HIV, ages 15-49 (per 1,000 uninfected population ages 15-49)",SH.HIV.INCD.ZS,,,,,,,,,,,,,,,,,,,,,,,,,,,,,,,,,,,,,,,,,,,,,,,,,,,,,,,,,,,,,,,,
United Arab Emirates,ARE,"Incidence of HIV, ages 15-49 (per 1,000 uninfected population ages 15-49)",SH.HIV.INCD.ZS,,,,,,,,,,,,,,,,,,,,,,,,,,,,,,,,,,,,,,,,,,,,,,,,,,,,,,,,,,,,,,,,
Argentina,ARG,"Incidence of HIV, ages 15-49 (per 1,000 uninfected population ages 15-49)",SH.HIV.INCD.ZS,,,,,,,,,,,,,,,,,,,,,,,,,,,,,,,0.31,0.35,0.37,0.38,0.37,0.36,0.34,0.33,0.32,0.29,0.28,0.28,0.28,0.27,0.27,0.27,0.27,0.27,0.27,0.26,0.26,0.26,0.26,0.25,0.25,0.25,0.24,0.24,0.23,0.23,0.22,0.21,,
Armenia,ARM,"Incidence of HIV, ages 15-49 (per 1,000 uninfected population ages 15-49)",SH.HIV.INCD.ZS,,,,,,,,,,,,,,,,,,,,,,,,,,,,,,,,,,,,,,,,,,,,,,,,,,,,,,,,,,,,,,,,
American Samoa,ASM,"Incidence of HIV, ages 15-49 (per 1,000 uninfected population ages 15-49)",SH.HIV.INCD.ZS,,,,,,,,,,,,,,,,,,,,,,,,,,,,,,,,,,,,,,,,,,,,,,,,,,,,,,,,,,,,,,,,
Antigua and Barbuda,ATG,"Incidence of HIV, ages 15-49 (per 1,000 uninfected population ages 15-49)",SH.HIV.INCD.ZS,,,,,,,,,,,,,,,,,,,,,,,,,,,,,,,,,,,,,,,,,,,,,,,,,,,,,,,,,,,,,,,,
Australia,AUS,"Incidence of HIV, ages 15-49 (per 1,000 uninfected population ages 15-49)",SH.HIV.INCD.ZS,,,,,,,,,,,,,,,,,,,,,,,,,,,,,,,0.09,0.08,0.07,0.06,0.06,0.06,0.06,0.06,0.06,0.07,0.07,0.07,0.08,0.08,0.09,0.09,0.09,0.09,0.09,0.09,0.09,0.09,0.09,0.09,0.08,0.08,0.07,0.07,0.06,0.05,0.04,0.04,,
Austria,AUT,"Incidence of HIV, ages 15-49 (per 1,000 uninfected population ages 15-49)",SH.HIV.INCD.ZS,,,,,,,,,,,,,,,,,,,,,,,,,,,,,,,,,,,,,,,,,,,,,,,,,,,,,,,,,,,,,,,,
Azerbaijan,AZE,"Incidence of HIV, ages 15-49 (per 1,000 uninfected population ages 15-49)",SH.HIV.INCD.ZS,,,,,,,,,,,,,,,,,,,,,,,,,,,,,,,0.01,0.01,0.01,0.01,0.01,0.02,0.03,0.06,0.1,0.15,0.21,0.26,0.3,0.33,0.31,0.29,0.26,0.22,0.18,0.15,0.12,0.11,0.1,0.09,0.08,0.08,0.07,0.06,0.06,0.05,0.05,0.04,,
Burundi,BDI,"Incidence of HIV, ages 15-49 (per 1,000 uninfected population ages 15-49)",SH.HIV.INCD.ZS,,,,,,,,,,,,,,,,,,,,,,,,,,,,,,,9.2,8.32,7.4,6.23,5.04,4.18,3.46,2.94,2.6,2.23,1.85,1.65,1.38,1.2,1.02,0.89,0.78,0.74,0.66,0.67,0.6,0.54,0.49,0.43,0.4,0.36,0.31,0.24,0.19,0.16,0.14,0.13,,
Belgium,BEL,"Incidence of HIV, ages 15-49 (per 1,000 uninfected population ages 15-49)",SH.HIV.INCD.ZS,,,,,,,,,,,,,,,,,,,,,,,,,,,,,,,,,,,,,,,,,,,,,,,,,,,,,,,,,,,,,,,,
Benin,BEN,"Incidence of HIV, ages 15-49 (per 1,000 uninfected population ages 15-49)",SH.HIV.INCD.ZS,,,,,,,,,,,,,,,,,,,,,,,,,,,,,,,1.44,1.68,1.92,2.05,2.18,2.24,2.17,2.06,1.86,1.71,1.53,1.42,1.32,1.23,1.18,1.1,1.03,1.01,0.94,0.75,0.68,0.61,0.54,0.5,0.5,0.45,0.38,0.32,0.28,0.23,0.21,0.2,,
Burkina Faso,BFA,"Incidence of HIV, ages 15-49 (per 1,000 uninfected population ages 15-49)",SH.HIV.INCD.ZS,,,,,,,,,,,,,,,,,,,,,,,,,,,,,,,4.8,4.06,3.24,2.89,2.38,2.06,1.72,1.57,1.44,1.29,1.14,1.06,0.97,0.85,0.8,0.75,0.68,0.62,0.52,0.48,0.42,0.39,0.36,0.33,0.29,0.26,0.22,0.19,0.17,0.16,0.14,0.12,,
Bangladesh,BGD,"Incidence of HIV, ages 15-49 (per 1,000 uninfected population ages 15-49)",SH.HIV.INCD.ZS,,,,,,,,,,,,,,,,,,,,,,,,,,,,,,,0.01,0.01,0.01,0.01,0.01,0.01,0.01,0.01,0.01,0.01,0.01,0.01,0.01,0.01,0.01,0.01,0.01,0.01,0.01,0.01,0.01,0.01,0.01,0.01,0.01,0.01,0.01,0.01,0.01,0.01,0.01,0.01,,
Bulgaria,BGR,"Incidence of HIV, ages 15-49 (per 1,000 uninfected population ages 15-49)",SH.HIV.INCD.ZS,,,,,,,,,,,,,,,,,,,,,,,,,,,,,,,0.02,0.02,0.02,0.02,0.03,0.03,0.03,0.03,0.03,0.03,0.03,0.03,0.04,0.04,0.04,0.04,0.04,0.04,0.05,0.05,0.05,0.05,0.05,0.06,0.06,0.06,0.06,0.06,0.06,0.06,0.06,0.06,,
Bahrain,BHR,"Incidence of HIV, ages 15-49 (per 1,000 uninfected population ages 15-49)",SH.HIV.INCD.ZS,,,,,,,,,,,,,,,,,,,,,,,,,,,,,,,0.08,0.08,0.08,0.08,0.08,0.08,0.08,0.08,0.08,0.08,0.08,0.08,0.08,0.08,0.08,0.08,0.08,0.08,0.08,0.08,0.08,0.08,0.08,0.08,0.08,0.08,0.08,0.08,0.08,0.08,0.08,0.08,,
"Bahamas, The",BHS,"Incidence of HIV, ages 15-49 (per 1,000 uninfected population ages 15-49)",SH.HIV.INCD.ZS,,,,,,,,,,,,,,,,,,,,,,,,,,,,,,,3.42,3.2,2.99,2.79,2.59,2.4,2.22,2.05,1.9,1.75,1.61,1.49,1.37,1.27,1.17,1.08,1,0.92,0.85,0.79,0.74,0.69,0.64,0.6,0.56,0.52,0.49,0.46,0.44,0.42,0.39,0.38,,
Bosnia and Herzegovina,BIH,"Incidence of HIV, ages 15-49 (per 1,000 uninfected population ages 15-49)",SH.HIV.INCD.ZS,,,,,,,,,,,,,,,,,,,,,,,,,,,,,,,,,,,,,,,,,,,,,,,,,,,,,,,,,,,,,,,,
Belarus,BLR,"Incidence of HIV, ages 15-49 (per 1,000 uninfected population ages 15-49)",SH.HIV.INCD.ZS,,,,,,,,,,,,,,,,,,,,,,,,,,,,,,,0.01,0.01,0.01,0.01,0.02,0.02,0.03,0.04,0.05,0.06,0.08,0.1,0.13,0.16,0.2,0.24,0.27,0.3,0.33,0.35,0.37,0.38,0.39,0.4,0.4,0.38,0.37,0.34,0.3,0.26,0.23,0.21,,
Belize,BLZ,"Incidence of HIV, ages 15-49 (per 1,000 uninfected population ages 15-49)",SH.HIV.INCD.ZS,,,,,,,,,,,,,,,,,,,,,,,,,,,,,,,0.53,0.62,0.71,0.81,0.93,1.07,1.23,1.41,1.6,1.82,2.05,2.28,2.49,2.61,2.57,2.28,1.78,1.23,0.85,0.67,0.62,0.62,0.63,0.64,0.65,0.65,0.66,0.66,0.67,0.67,0.67,0.67,,
Bermuda,BMU,"Incidence of HIV, ages 15-49 (per 1,000 uninfected population ages 15-49)",SH.HIV.INCD.ZS,,,,,,,,,,,,,,,,,,,,,,,,,,,,,,,,,,,,,,,,,,,,,,,,,,,,,,,,,,,,,,,,
Bolivia,BOL,"Incidence of HIV, ages 15-49 (per 1,000 uninfected population ages 15-49)",SH.HIV.INCD.ZS,,,,,,,,,,,,,,,,,,,,,,,,,,,,,,,0.13,0.16,0.19,0.23,0.32,0.46,0.63,0.7,0.64,0.53,0.45,0.38,0.36,0.34,0.34,0.33,0.32,0.32,0.32,0.32,0.3,0.31,0.3,0.28,0.28,0.27,0.26,0.25,0.25,0.23,0.22,0.22,,
Brazil,BRA,"Incidence of HIV, ages 15-49 (per 1,000 uninfected population ages 15-49)",SH.HIV.INCD.ZS,,,,,,,,,,,,,,,,,,,,,,,,,,,,,,,0.36,0.37,0.38,0.39,0.4,0.41,0.4,0.4,0.41,0.41,0.39,0.39,0.39,0.39,0.39,0.39,0.39,0.39,0.39,0.39,0.39,0.39,0.39,0.39,0.38,0.38,0.38,0.38,0.38,0.38,0.38,0.39,,
Barbados,BRB,"Incidence of HIV, ages 15-49 (per 1,000 uninfected population ages 15-49)",SH.HIV.INCD.ZS,,,,,,,,,,,,,,,,,,,,,,,,,,,,,,,0.47,0.56,0.65,0.73,0.81,0.87,0.92,0.96,0.99,1,1,0.99,0.98,0.95,0.92,0.89,0.84,0.8,0.74,0.69,0.64,0.6,0.56,0.53,0.51,0.48,0.47,0.46,0.45,0.44,0.44,0.45,,
Brunei Darussalam,BRN,"Incidence of HIV, ages 15-49 (per 1,000 uninfected population ages 15-49)",SH.HIV.INCD.ZS,,,,,,,,,,,,,,,,,,,,,,,,,,,,,,,,,,,,,,,,,,,,,,,,,,,,,,,,,,,,,,,,
Bhutan,BTN,"Incidence of HIV, ages 15-49 (per 1,000 uninfected population ages 15-49)",SH.HIV.INCD.ZS,,,,,,,,,,,,,,,,,,,,,,,,,,,,,,,0.04,0.05,0.06,0.07,0.11,0.13,0.17,0.23,0.27,0.35,0.4,0.43,0.44,0.43,0.41,0.33,0.35,0.32,0.28,0.25,0.26,0.24,0.23,0.23,0.21,0.21,0.21,0.2,0.19,0.17,0.17,0.16,,
Botswana,BWA,"Incidence of HIV, ages 15-49 (per 1,000 uninfected population ages 15-49)",SH.HIV.INCD.ZS,,,,,,,,,,,,,,,,,,,,,,,,,,,,,,,24.8,31.7,37.72,43.16,46.51,47.87,47.49,45.45,42.18,38.76,35.28,31.92,28.94,25.89,23.08,20.54,18.7,16.53,15.61,14.35,13.33,12.64,11.64,10.51,10,9.91,9.44,8.68,8.12,7.27,6.7,6.03,,
Central African Republic,CAF,"Incidence of HIV, ages 15-49 (per 1,000 uninfected population ages 15-49)",SH.HIV.INCD.ZS,,,,,,,,,,,,,,,,,,,,,,,,,,,,,,,10.74,11.88,12.52,12.7,12.62,11.66,10.39,9.45,8.21,7.45,6.7,5.75,5.35,4.75,4.45,4.49,3.99,3.68,3.43,3.07,2.92,2.84,2.59,2.39,2.19,1.91,1.7,1.54,1.35,1.2,1.04,0.95,,
Canada,CAN,"Incidence of HIV, ages 15-49 (per 1,000 uninfected population ages 15-49)",SH.HIV.INCD.ZS,,,,,,,,,,,,,,,,,,,,,,,,,,,,,,,,,,,,,,,,,,,,,,,,,,,,,,,,,,,,,,,,
Central Europe and the Baltics,CEB,"Incidence of HIV, ages 15-49 (per 1,000 uninfected population ages 15-49)",SH.HIV.INCD.ZS,,,,,,,,,,,,,,,,,,,,,,,,,,,,,,,,,,,,,,,,,,,,,,,,,,,,,,,,,,,,,,,,
Switzerland,CHE,"Incidence of HIV, ages 15-49 (per 1,000 uninfected population ages 15-49)",SH.HIV.INCD.ZS,,,,,,,,,,,,,,,,,,,,,,,,,,,,,,,0.31,0.25,0.2,0.16,0.14,0.12,0.12,0.12,0.14,0.15,0.16,0.18,0.18,0.18,0.17,0.16,0.14,0.13,0.12,0.11,0.11,0.11,0.11,0.1,0.1,0.09,0.08,0.07,0.05,,,,,
Channel Islands,CHI,"Incidence of HIV, ages 15-49 (per 1,000 uninfected population ages 15-49)",SH.HIV.INCD.ZS,,,,,,,,,,,,,,,,,,,,,,,,,,,,,,,,,,,,,,,,,,,,,,,,,,,,,,,,,,,,,,,,
Chile,CHL,"Incidence of HIV, ages 15-49 (per 1,000 uninfected population ages 15-49)",SH.HIV.INCD.ZS,,,,,,,,,,,,,,,,,,,,,,,,,,,,,,,0.12,0.15,0.19,0.22,0.25,0.27,0.28,0.28,0.27,0.27,0.26,0.25,0.25,0.25,0.25,0.26,0.27,0.28,0.29,0.3,0.31,0.32,0.33,0.34,0.34,0.35,0.36,0.36,0.36,0.37,0.37,0.37,,
China,CHN,"Incidence of HIV, ages 15-49 (per 1,000 uninfected population ages 15-49)",SH.HIV.INCD.ZS,,,,,,,,,,,,,,,,,,,,,,,,,,,,,,,,,,,,,,,,,,,,,,,,,,,,,,,,,,,,,,,,
Cote d'Ivoire,CIV,"Incidence of HIV, ages 15-49 (per 1,000 uninfected population ages 15-49)",SH.HIV.INCD.ZS,,,,,,,,,,,,,,,,,,,,,,,,,,,,,,,11.37,12.23,12.59,12.46,11.43,10.86,9.67,8.45,7.56,6.48,5.75,5.23,4.5,4.07,3.71,3.27,2.95,2.66,2.49,2.22,1.86,1.73,1.54,1.34,1.2,1.04,0.96,0.73,0.57,0.44,0.36,0.33,,
Cameroon,CMR,"Incidence of HIV, ages 15-49 (per 1,000 uninfected population ages 15-49)",SH.HIV.INCD.ZS,,,,,,,,,,,,,,,,,,,,,,,,,,,,,,,2.57,3.32,4.13,5.04,5.99,6.85,7.51,7.89,8.03,7.62,7.14,6.43,5.74,5.1,4.58,4.14,3.84,3.61,3.4,3.19,2.89,2.68,2.44,2.13,1.98,1.85,1.68,1.41,1.18,1.04,0.88,0.77,,
"Congo, Dem. Rep.",COD,"Incidence of HIV, ages 15-49 (per 1,000 uninfected population ages 15-49)",SH.HIV.INCD.ZS,,,,,,,,,,,,,,,,,,,,,,,,,,,,,,,2.9,2.8,2.64,2.54,2.41,2.23,2.08,1.89,1.78,1.66,1.58,1.47,1.38,1.29,1.2,1.12,1.06,0.97,0.88,0.83,0.75,0.7,0.67,0.63,0.56,0.54,0.51,0.47,0.42,0.37,0.3,0.26,,
"Congo, Rep.",COG,"Incidence of HIV, ages 15-49 (per 1,000 uninfected population ages 15-49)",SH.HIV.INCD.ZS,,,,,,,,,,,,,,,,,,,,,,,,,,,,,,,7.21,6.33,5.76,5.45,4.91,4.56,4.44,4.22,4,3.91,3.68,3.39,3.33,3.13,3.03,3.13,3.07,2.96,3.05,3.05,2.97,3.03,3.1,3.23,3.19,3.17,3.44,3.81,3.82,4,4.32,3.8,,
Colombia,COL,"Incidence of HIV, ages 15-49 (per 1,000 uninfected population ages 15-49)",SH.HIV.INCD.ZS,,,,,,,,,,,,,,,,,,,,,,,,,,,,,,,0.25,0.32,0.39,0.45,0.49,0.51,0.51,0.5,0.48,0.47,0.44,0.39,0.39,0.36,0.36,0.36,0.35,0.36,0.32,0.34,0.36,0.38,0.35,0.34,0.33,0.33,0.33,0.31,0.31,0.31,0.3,0.3,,
Comoros,COM,"Incidence of HIV, ages 15-49 (per 1,000 uninfected population ages 15-49)",SH.HIV.INCD.ZS,,,,,,,,,,,,,,,,,,,,,,,,,,,,,,,0.02,0.03,0.03,0.03,0.03,0.03,0.03,0.04,0.04,0.04,0.04,0.04,0.04,0.04,0.04,0.04,0.04,0.03,0.03,0.03,0.03,0.02,0.02,0.02,0.02,0.02,0.02,0.02,0.02,0.01,0.01,0.01,,
Cabo Verde,CPV,"Incidence of HIV, ages 15-49 (per 1,000 uninfected population ages 15-49)",SH.HIV.INCD.ZS,,,,,,,,,,,,,,,,,,,,,,,,,,,,,,,1.19,1.23,1.14,1.03,0.89,0.81,0.77,0.74,0.71,0.71,0.7,0.71,0.7,0.69,0.65,0.61,0.5,0.47,0.45,0.44,0.43,0.42,0.41,0.44,0.43,0.43,0.42,0.44,0.44,0.42,0.43,0.39,,
Costa Rica,CRI,"Incidence of HIV, ages 15-49 (per 1,000 uninfected population ages 15-49)",SH.HIV.INCD.ZS,,,,,,,,,,,,,,,,,,,,,,,,,,,,,,,0.15,0.16,0.16,0.17,0.18,0.18,0.19,0.2,0.21,0.21,0.22,0.23,0.23,0.24,0.25,0.26,0.26,0.27,0.28,0.28,0.29,0.3,0.31,0.31,0.32,0.33,0.33,0.34,0.35,0.36,0.36,0.37,,
Caribbean small states,CSS,"Incidence of HIV, ages 15-49 (per 1,000 uninfected population ages 15-49)",SH.HIV.INCD.ZS,,,,,,,,,,,,,,,,,,,,,,,,,,,,,,,2.693007917,1.715244874,1.285338154,1.249708836,1.290926289,1.309932139,1.356688758,1.401287592,1.474730953,1.508923044,1.474438506,1.452473851,1.431772959,1.418891467,1.383352351,1.32300866,1.17114798,1.099931007,1.009820811,0.952487348,0.899245788,0.861592734,0.838943234,0.800758424,0.751123015,0.72473507,0.70784568,0.706455655,0.753453438,0.740860501,0.76185995,0.796302565,,
Cuba,CUB,"Incidence of HIV, ages 15-49 (per 1,000 uninfected population ages 15-49)",SH.HIV.INCD.ZS,,,,,,,,,,,,,,,,,,,,,,,,,,,,,,,0.14,0.15,0.15,0.16,0.17,0.17,0.18,0.19,0.19,0.2,0.21,0.21,0.22,0.23,0.23,0.24,0.25,0.25,0.26,0.27,0.27,0.28,0.29,0.29,0.3,0.31,0.31,0.32,0.33,0.33,0.34,0.35,,
Curacao,CUW,"Incidence of HIV, ages 15-49 (per 1,000 uninfected population ages 15-49)",SH.HIV.INCD.ZS,,,,,,,,,,,,,,,,,,,,,,,,,,,,,,,,,,,,,,,,,,,,,,,,,,,,,,,,,,,,,,,,
Cayman Islands,CYM,"Incidence of HIV, ages 15-49 (per 1,000 uninfected population ages 15-49)",SH.HIV.INCD.ZS,,,,,,,,,,,,,,,,,,,,,,,,,,,,,,,,,,,,,,,,,,,,,,,,,,,,,,,,,,,,,,,,
Cyprus,CYP,"Incidence of HIV, ages 15-49 (per 1,000 uninfected population ages 15-49)",SH.HIV.INCD.ZS,,,,,,,,,,,,,,,,,,,,,,,,,,,,,,,0.06,0.06,0.06,0.05,0.05,0.05,0.05,0.04,0.04,0.04,0.04,0.05,0.05,0.06,0.06,0.07,0.07,0.08,0.08,0.09,0.09,0.09,0.09,0.09,0.09,0.09,0.09,0.09,0.08,0.08,0.07,0.07,,
Czechia,CZE,"Incidence of HIV, ages 15-49 (per 1,000 uninfected population ages 15-49)",SH.HIV.INCD.ZS,,,,,,,,,,,,,,,,,,,,,,,,,,,,,,,,,,,,,,,,,,,,,,,,,,,,,,,,,,,,,,,,
Germany,DEU,"Incidence of HIV, ages 15-49 (per 1,000 uninfected population ages 15-49)",SH.HIV.INCD.ZS,,,,,,,,,,,,,,,,,,,,,,,,,,,,,,,,,,,,,,,,,,,,,,,,,,,0.07,0.06,0.07,0.07,0.07,0.07,0.07,0.07,0.07,0.07,0.06,,,
Djibouti,DJI,"Incidence of HIV, ages 15-49 (per 1,000 uninfected population ages 15-49)",SH.HIV.INCD.ZS,,,,,,,,,,,,,,,,,,,,,,,,,,,,,,,0.47,0.82,1.43,2.24,3.07,4.04,5.24,6.52,7.54,7.13,5.34,3.79,2.99,1.82,1.25,0.94,0.87,0.76,0.69,0.67,0.59,0.55,0.5,0.39,0.34,0.31,0.28,0.27,0.24,0.21,0.2,0.19,,
Dominica,DMA,"Incidence of HIV, ages 15-49 (per 1,000 uninfected population ages 15-49)",SH.HIV.INCD.ZS,,,,,,,,,,,,,,,,,,,,,,,,,,,,,,,,,,,,,,,,,,,,,,,,,,,,,,,,,,,,,,,,
Denmark,DNK,"Incidence of HIV, ages 15-49 (per 1,000 uninfected population ages 15-49)",SH.HIV.INCD.ZS,,,,,,,,,,,,,,,,,,,,,,,,,,,,,,,0.11,0.12,0.13,0.13,0.13,0.12,0.11,0.1,0.09,0.09,0.08,0.08,0.08,0.08,0.08,0.08,0.08,0.08,0.08,0.08,0.08,0.08,0.08,0.07,0.07,0.07,0.06,0.06,0.05,0.05,0.04,0.04,,
Dominican Republic,DOM,"Incidence of HIV, ages 15-49 (per 1,000 uninfected population ages 15-49)",SH.HIV.INCD.ZS,,,,,,,,,,,,,,,,,,,,,,,,,,,,,,,1.39,1.74,1.97,2.14,2.16,2.14,2.1,2.01,1.9,1.81,1.73,1.57,1.47,1.41,1.33,1.24,1.17,1.08,0.99,0.91,0.88,0.84,0.78,0.72,0.68,0.64,0.63,0.67,0.68,0.69,0.69,0.67,,
Algeria,DZA,"Incidence of HIV, ages 15-49 (per 1,000 uninfected population ages 15-49)",SH.HIV.INCD.ZS,,,,,,,,,,,,,,,,,,,,,,,,,,,,,,,0.01,0.01,0.01,0.01,0.01,0.01,0.02,0.02,0.02,0.02,0.02,0.02,0.02,0.02,0.02,0.02,0.03,0.03,0.03,0.03,0.03,0.04,0.04,0.05,0.06,0.07,0.08,0.07,0.07,0.07,0.07,0.07,,
East Asia & Pacific (excluding high income),EAP,"Incidence of HIV, ages 15-49 (per 1,000 uninfected population ages 15-49)",SH.HIV.INCD.ZS,,,,,,,,,,,,,,,,,,,,,,,,,,,,,,,,,,,,,,,,,,,,,,,,,,,,,,,,,,,,,,,,
Early-demographic dividend,EAR,"Incidence of HIV, ages 15-49 (per 1,000 uninfected population ages 15-49)",SH.HIV.INCD.ZS,,,,,,,,,,,,,,,,,,,,,,,,,,,,,,,,,,,,,,,,,,,,,,,,,,,,,,,,,,,,,,,,
East Asia & Pacific,EAS,"Incidence of HIV, ages 15-49 (per 1,000 uninfected population ages 15-49)",SH.HIV.INCD.ZS,,,,,,,,,,,,,,,,,,,,,,,,,,,,,,,,,,,,,,,,,,,,,,,,,,,,,,,,,,,,,,,,
Europe & Central Asia (excluding high income),ECA,"Incidence of HIV, ages 15-49 (per 1,000 uninfected population ages 15-49)",SH.HIV.INCD.ZS,,,,,,,,,,,,,,,,,,,,,,,,,,,,,,,,,,,,,,,,,,,,,,,,,,,,,,,,,,,,,,,,
Europe & Central Asia,ECS,"Incidence of HIV, ages 15-49 (per 1,000 uninfected population ages 15-49)",SH.HIV.INCD.ZS,,,,,,,,,,,,,,,,,,,,,,,,,,,,,,,,,,,,,,,,,,,,,,,,,,,,,,,,,,,,,,,,
Ecuador,ECU,"Incidence of HIV, ages 15-49 (per 1,000 uninfected population ages 15-49)",SH.HIV.INCD.ZS,,,,,,,,,,,,,,,,,,,,,,,,,,,,,,,0.15,0.18,0.22,0.27,0.32,0.37,0.41,0.41,0.43,0.4,0.39,0.37,0.35,0.34,0.33,0.29,0.3,0.28,0.28,0.27,0.27,0.27,0.25,0.27,0.27,0.27,0.26,0.24,0.23,0.23,0.2,0.19,,
"Egypt, Arab Rep.",EGY,"Incidence of HIV, ages 15-49 (per 1,000 uninfected population ages 15-49)",SH.HIV.INCD.ZS,,,,,,,,,,,,,,,,,,,,,,,,,,,,,,,,,,,,,,,,,,,,,,,,,,,,,,,,,,,,,,,,
Euro area,EMU,"Incidence of HIV, ages 15-49 (per 1,000 uninfected population ages 15-49)",SH.HIV.INCD.ZS,,,,,,,,,,,,,,,,,,,,,,,,,,,,,,,0.251503428,0.250633104,0.247598312,0.238160466,0.226339484,0.215091129,0.202981805,0.191872855,0.181987362,0.175787232,0.171701951,0.172263358,0.170840118,0.167915966,0.165959901,0.166249623,0.161898386,0.163349091,0.163643967,0.162119561,0.14073721,0.135955714,0.136381668,0.132979674,0.131744218,0.127876447,0.126109536,0.125482927,0.120100141,0.115871091,0.108905032,0.119265773,,
Eritrea,ERI,"Incidence of HIV, ages 15-49 (per 1,000 uninfected population ages 15-49)",SH.HIV.INCD.ZS,,,,,,,,,,,,,,,,,,,,,,,,,,,,,,,2.27,2.58,2.88,3.04,2.94,2.71,2.4,2.06,1.73,1.48,1.28,1,0.81,0.71,0.64,0.58,0.51,0.46,0.45,0.45,0.41,0.36,0.32,0.28,0.23,0.19,0.17,0.17,0.15,0.14,0.13,0.11,,
Spain,ESP,"Incidence of HIV, ages 15-49 (per 1,000 uninfected population ages 15-49)",SH.HIV.INCD.ZS,,,,,,,,,,,,,,,,,,,,,,,,,,,,,,,0.65,0.63,0.58,0.52,0.46,0.39,0.33,0.29,0.24,0.21,0.19,0.17,0.16,0.16,0.15,0.15,0.15,0.15,0.15,0.15,0.16,0.16,0.16,0.16,0.16,0.16,0.17,0.17,0.17,0.17,0.17,0.17,,
Estonia,EST,"Incidence of HIV, ages 15-49 (per 1,000 uninfected population ages 15-49)",SH.HIV.INCD.ZS,,,,,,,,,,,,,,,,,,,,,,,,,,,,,,,,,,,,,,,,,,,,,,,,,,,,,,,,,,,,,,,,
Ethiopia,ETH,"Incidence of HIV, ages 15-49 (per 1,000 uninfected population ages 15-49)",SH.HIV.INCD.ZS,,,,,,,,,,,,,,,,,,,,,,,,,,,,,,,5.06,5.47,5.5,5.14,4.58,3.81,3.08,2.58,2.2,1.89,1.6,1.39,1.25,1.09,0.96,0.87,0.78,0.69,0.6,0.54,0.48,0.44,0.4,0.36,0.32,0.27,0.26,0.23,0.21,0.19,0.17,0.17,,
European Union,EUU,"Incidence of HIV, ages 15-49 (per 1,000 uninfected population ages 15-49)",SH.HIV.INCD.ZS,,,,,,,,,,,,,,,,,,,,,,,,,,,,,,,,,,,,,,,,,,,,,,,,,,,0.134199242,0.129875581,0.130261571,0.127233612,0.126103089,0.122599367,0.120838563,0.120292491,0.115313293,0.111525043,0.105071724,,,
Fragile and conflict affected situations,FCS,"Incidence of HIV, ages 15-49 (per 1,000 uninfected population ages 15-49)",SH.HIV.INCD.ZS,,,,,,,,,,,,,,,,,,,,,,,,,,,,,,,3.086862744,3.283966047,3.320805004,3.190383406,2.971656045,2.783949712,2.615809929,2.430047662,2.24977713,2.113605566,1.956576588,1.787299592,1.642937058,1.510555703,1.405081873,1.315720714,1.217580956,1.134708077,1.067127164,1.003241563,0.938099492,0.889192292,0.844861952,0.784657663,0.729737403,0.689728696,0.650510597,0.598137791,0.551762607,0.512570762,0.457053762,0.376245008,,
Finland,FIN,"Incidence of HIV, ages 15-49 (per 1,000 uninfected population ages 15-49)",SH.HIV.INCD.ZS,,,,,,,,,,,,,,,,,,,,,,,,,,,,,,,,,,,,,,,,,,,,,,,,,,,,,,,,,,,,,,,,
Fiji,FJI,"Incidence of HIV, ages 15-49 (per 1,000 uninfected population ages 15-49)",SH.HIV.INCD.ZS,,,,,,,,,,,,,,,,,,,,,,,,,,,,,,,0.01,0.02,0.02,0.03,0.03,0.03,0.03,0.03,0.04,0.04,0.05,0.05,0.06,0.06,0.07,0.07,0.08,0.09,0.1,0.12,0.15,0.17,0.19,0.17,0.18,0.2,0.23,0.25,0.27,0.28,0.3,0.32,,
France,FRA,"Incidence of HIV, ages 15-49 (per 1,000 uninfected population ages 15-49)",SH.HIV.INCD.ZS,,,,,,,,,,,,,,,,,,,,,,,,,,,,,,,0.18,0.18,0.2,0.2,0.2,0.2,0.2,0.19,0.18,0.18,0.19,0.2,0.21,0.21,0.21,0.21,0.2,0.2,0.2,0.2,0.2,0.19,0.19,0.19,0.19,0.18,0.18,0.18,0.18,0.18,0.17,0.17,,
Faroe Islands,FRO,"Incidence of HIV, ages 15-49 (per 1,000 uninfected population ages 15-49)",SH.HIV.INCD.ZS,,,,,,,,,,,,,,,,,,,,,,,,,,,,,,,,,,,,,,,,,,,,,,,,,,,,,,,,,,,,,,,,
"Micronesia, Fed. Sts.",FSM,"Incidence of HIV, ages 15-49 (per 1,000 uninfected population ages 15-49)",SH.HIV.INCD.ZS,,,,,,,,,,,,,,,,,,,,,,,,,,,,,,,,,,,,,,,,,,,,,,,,,,,,,,,,,,,,,,,,
Gabon,GAB,"Incidence of HIV, ages 15-49 (per 1,000 uninfected population ages 15-49)",SH.HIV.INCD.ZS,,,,,,,,,,,,,,,,,,,,,,,,,,,,,,,3.77,4.56,5.82,7,8,8.64,9.12,8.75,8.55,7.37,6.33,5.6,5.06,4.41,4.09,3.63,3.47,3.11,2.96,2.73,2.55,2.32,2.1,1.83,1.58,1.39,1.49,1.35,1.29,1.13,1.03,1.15,,
United Kingdom,GBR,"Incidence of HIV, ages 15-49 (per 1,000 uninfected population ages 15-49)",SH.HIV.INCD.ZS,,,,,,,,,,,,,,,,,,,,,,,,,,,,,,,,,,,,,,,,,,,,,,,,,,,,,,,,,,,,,,,,
Georgia,GEO,"Incidence of HIV, ages 15-49 (per 1,000 uninfected population ages 15-49)",SH.HIV.INCD.ZS,,,,,,,,,,,,,,,,,,,,,,,,,,,,,,,0.01,0.01,0.01,0.01,0.01,0.01,0.01,0.01,0.01,0.02,0.03,0.05,0.06,0.08,0.1,0.12,0.14,0.16,0.18,0.2,0.21,0.22,0.23,0.24,0.25,0.26,0.27,0.27,0.27,0.28,0.28,0.28,,
Ghana,GHA,"Incidence of HIV, ages 15-49 (per 1,000 uninfected population ages 15-49)",SH.HIV.INCD.ZS,,,,,,,,,,,,,,,,,,,,,,,,,,,,,,,3.8,4.04,4.03,4,3.79,3.69,3.42,3.21,3,2.79,2.5,2.34,2.17,2.03,1.89,1.76,1.67,1.59,1.51,1.48,1.43,1.37,1.3,1.26,1.23,1.22,1.21,1.25,1.23,1.19,1.03,0.86,,
Gibraltar,GIB,"Incidence of HIV, ages 15-49 (per 1,000 uninfected population ages 15-49)",SH.HIV.INCD.ZS,,,,,,,,,,,,,,,,,,,,,,,,,,,,,,,,,,,,,,,,,,,,,,,,,,,,,,,,,,,,,,,,
Guinea,GIN,"Incidence of HIV, ages 15-49 (per 1,000 uninfected population ages 15-49)",SH.HIV.INCD.ZS,,,,,,,,,,,,,,,,,,,,,,,,,,,,,,,1.44,1.65,1.88,2.06,2.17,2.26,2.25,2.31,2.26,2.29,2.15,2.08,2.03,1.93,1.82,1.79,1.7,1.64,1.62,1.54,1.45,1.33,1.26,1.21,1.2,1.13,1.11,1.06,0.99,0.91,0.8,0.76,,
"Gambia, The",GMB,"Incidence of HIV, ages 15-49 (per 1,000 uninfected population ages 15-49)",SH.HIV.INCD.ZS,,,,,,,,,,,,,,,,,,,,,,,,,,,,,,,0.45,0.65,0.88,1.2,1.54,1.94,2.37,2.64,2.88,3.02,3.02,3.06,2.8,2.71,2.54,2.46,2.34,2.3,2.26,2.18,2.13,2,1.96,1.86,1.85,1.74,1.67,1.6,1.52,1.46,1.39,1.4,,
Guinea-Bissau,GNB,"Incidence of HIV, ages 15-49 (per 1,000 uninfected population ages 15-49)",SH.HIV.INCD.ZS,,,,,,,,,,,,,,,,,,,,,,,,,,,,,,,1.39,1.79,2.32,2.88,3.47,4.13,4.67,5.13,5.43,5.63,5.6,5.47,5.29,4.92,4.92,4.7,4.49,4.35,4.16,3.88,3.64,3.36,3.1,2.85,2.7,2.58,2.38,2.11,1.99,1.77,1.6,1.56,,
Equatorial Guinea,GNQ,"Incidence of HIV, ages 15-49 (per 1,000 uninfected population ages 15-49)",SH.HIV.INCD.ZS,,,,,,,,,,,,,,,,,,,,,,,,,,,,,,,2.16,2.53,3,3.41,3.82,4.18,4.53,4.75,5.06,5.39,5.43,5.67,5.92,6,6.25,6.5,6.5,6.77,6.77,6.93,7,7.17,7.29,7.22,6.54,6.63,6.73,6.36,5.82,5.68,5.7,5.77,,
Greece,GRC,"Incidence of HIV, ages 15-49 (per 1,000 uninfected population ages 15-49)",SH.HIV.INCD.ZS,,,,,,,,,,,,,,,,,,,,,,,,,,,,,,,0.08,0.08,0.07,0.05,0.04,0.03,0.03,0.03,0.04,0.04,0.05,0.06,0.07,0.07,0.08,0.09,0.1,0.12,0.14,0.16,0.18,0.18,0.18,0.16,0.13,0.11,0.09,0.08,0.08,0.09,0.11,0.14,,
Grenada,GRD,"Incidence of HIV, ages 15-49 (per 1,000 uninfected population ages 15-49)",SH.HIV.INCD.ZS,,,,,,,,,,,,,,,,,,,,,,,,,,,,,,,,,,,,,,,,,,,,,,,,,,,,,,,,,,,,,,,,
Greenland,GRL,"Incidence of HIV, ages 15-49 (per 1,000 uninfected population ages 15-49)",SH.HIV.INCD.ZS,,,,,,,,,,,,,,,,,,,,,,,,,,,,,,,,,,,,,,,,,,,,,,,,,,,,,,,,,,,,,,,,
Guatemala,GTM,"Incidence of HIV, ages 15-49 (per 1,000 uninfected population ages 15-49)",SH.HIV.INCD.ZS,,,,,,,,,,,,,,,,,,,,,,,,,,,,,,,0.41,0.52,0.65,0.72,0.76,0.82,0.84,0.85,0.81,0.78,0.75,0.65,0.58,0.5,0.39,0.32,0.27,0.21,0.16,0.09,0.07,0.03,0.02,0.01,0.01,0.01,0.04,0.05,0.06,0.06,0.07,0.09,,
Guam,GUM,"Incidence of HIV, ages 15-49 (per 1,000 uninfected population ages 15-49)",SH.HIV.INCD.ZS,,,,,,,,,,,,,,,,,,,,,,,,,,,,,,,,,,,,,,,,,,,,,,,,,,,,,,,,,,,,,,,,
Guyana,GUY,"Incidence of HIV, ages 15-49 (per 1,000 uninfected population ages 15-49)",SH.HIV.INCD.ZS,,,,,,,,,,,,,,,,,,,,,,,,,,,,,,,0.09,0.13,0.2,0.31,0.47,0.69,0.99,1.26,1.47,1.56,1.57,1.55,1.5,1.49,1.47,1.38,1.25,1.17,1.12,1.07,1.01,0.96,0.94,0.91,0.9,0.91,0.91,0.92,0.98,0.95,1,1.02,,
High income,HIC,"Incidence of HIV, ages 15-49 (per 1,000 uninfected population ages 15-49)",SH.HIV.INCD.ZS,,,,,,,,,,,,,,,,,,,,,,,,,,,,,,,,,,,,,,,,,,,,,,,,,,,,,,,,,,,,,,,,
"Hong Kong SAR, China",HKG,"Incidence of HIV, ages 15-49 (per 1,000 uninfected population ages 15-49)",SH.HIV.INCD.ZS,,,,,,,,,,,,,,,,,,,,,,,,,,,,,,,,,,,,,,,,,,,,,,,,,,,,,,,,,,,,,,,,
Honduras,HND,"Incidence of HIV, ages 15-49 (per 1,000 uninfected population ages 15-49)",SH.HIV.INCD.ZS,,,,,,,,,,,,,,,,,,,,,,,,,,,,,,,1.04,1.22,1.33,1.43,1.48,1.44,1.38,1.27,1.15,0.97,0.84,0.65,0.53,0.42,0.3,0.24,0.18,0.14,0.12,0.11,0.1,0.11,0.1,0.09,0.09,0.1,0.11,0.1,0.11,0.12,0.11,0.12,,
Heavily indebted poor countries (HIPC),HPC,"Incidence of HIV, ages 15-49 (per 1,000 uninfected population ages 15-49)",SH.HIV.INCD.ZS,,,,,,,,,,,,,,,,,,,,,,,,,,,,,,,5.138683184,5.301813668,5.270443853,5.141863874,4.87140783,4.575071582,4.254103087,3.945322448,3.672497667,3.37824555,3.108699203,2.889469618,2.66988419,2.470792363,2.308719967,2.160538689,2.038423269,1.922291102,1.805619388,1.718940987,1.629624555,1.559983809,1.492996826,1.392631084,1.298579107,1.205750443,1.138372012,1.046337869,0.948777266,0.847889428,0.74022702,0.669954838,,
Croatia,HRV,"Incidence of HIV, ages 15-49 (per 1,000 uninfected population ages 15-49)",SH.HIV.INCD.ZS,,,,,,,,,,,,,,,,,,,,,,,,,,,,,,,0.01,0.01,0.01,0.02,0.02,0.02,0.02,0.02,0.02,0.02,0.02,0.03,0.03,0.03,0.03,0.03,0.03,0.03,0.03,0.03,0.04,0.04,0.04,0.04,0.04,0.04,0.04,0.04,0.04,0.04,0.04,0.04,,
Haiti,HTI,"Incidence of HIV, ages 15-49 (per 1,000 uninfected population ages 15-49)",SH.HIV.INCD.ZS,,,,,,,,,,,,,,,,,,,,,,,,,,,,,,,5.17,4.95,4.52,4.02,3.67,3.34,3.12,2.86,2.71,2.45,2.31,2.32,2.15,2.01,1.88,1.77,1.68,1.59,1.53,1.47,1.43,1.39,1.33,1.26,1.17,1.1,1.02,0.92,0.83,0.8,0.69,0.58,,
Hungary,HUN,"Incidence of HIV, ages 15-49 (per 1,000 uninfected population ages 15-49)",SH.HIV.INCD.ZS,,,,,,,,,,,,,,,,,,,,,,,,,,,,,,,,,,,,,,,,,,,,,,,,,,,,,,,,,,,,,,,,
IBRD only,IBD,"Incidence of HIV, ages 15-49 (per 1,000 uninfected population ages 15-49)",SH.HIV.INCD.ZS,,,,,,,,,,,,,,,,,,,,,,,,,,,,,,,,,,,,,,,,,,,,,,,,,,,,,,,,,,,,,,,,
IDA & IBRD total,IBT,"Incidence of HIV, ages 15-49 (per 1,000 uninfected population ages 15-49)",SH.HIV.INCD.ZS,,,,,,,,,,,,,,,,,,,,,,,,,,,,,,,,,,,,,,,,,,,,,,,,,,,,,,,,,,,,,,,,
IDA total,IDA,"Incidence of HIV, ages 15-49 (per 1,000 uninfected population ages 15-49)",SH.HIV.INCD.ZS,,,,,,,,,,,,,,,,,,,,,,,,,,,,,,,3.924743074,4.173214431,4.233545107,4.128622493,3.880469969,3.614469651,3.329589138,3.053787789,2.795326186,2.576751957,2.365483709,2.184573924,2.02712404,1.885115074,1.776420986,1.676689898,1.583485206,1.499948353,1.419467373,1.354292357,1.285190188,1.226818916,1.173648767,1.096858077,1.025081702,0.959723873,0.901753991,0.827983253,0.757572022,0.690580987,0.613399104,0.540187362,,
IDA blend,IDB,"Incidence of HIV, ages 15-49 (per 1,000 uninfected population ages 15-49)",SH.HIV.INCD.ZS,,,,,,,,,,,,,,,,,,,,,,,,,,,,,,,,,,,,,,,,,,,,,,,,,,,,,,,,,,,,,,,,
Indonesia,IDN,"Incidence of HIV, ages 15-49 (per 1,000 uninfected population ages 15-49)",SH.HIV.INCD.ZS,,,,,,,,,,,,,,,,,,,,,,,,,,,,,,,0.01,0.01,0.01,0.01,0.01,0.02,0.03,0.05,0.06,0.08,0.11,0.19,0.3,0.34,0.34,0.37,0.38,0.38,0.36,0.36,0.35,0.34,0.32,0.3,0.28,0.25,0.23,0.21,0.2,0.18,0.17,0.16,,
IDA only,IDX,"Incidence of HIV, ages 15-49 (per 1,000 uninfected population ages 15-49)",SH.HIV.INCD.ZS,,,,,,,,,,,,,,,,,,,,,,,,,,,,,,,3.171145031,3.318179798,3.33987574,3.263011682,3.109953591,2.934798628,2.728500485,2.527319725,2.34572619,2.161716543,1.995756888,1.859429744,1.731231509,1.61557803,1.522742736,1.436560526,1.366625506,1.298916088,1.225284151,1.173374944,1.119532496,1.076733286,1.039798476,0.979827623,0.918896791,0.857178714,0.810117398,0.746312947,0.681155714,0.612122252,0.538391348,0.493946919,,
Isle of Man,IMN,"Incidence of HIV, ages 15-49 (per 1,000 uninfected population ages 15-49)",SH.HIV.INCD.ZS,,,,,,,,,,,,,,,,,,,,,,,,,,,,,,,,,,,,,,,,,,,,,,,,,,,,,,,,,,,,,,,,
India,IND,"Incidence of HIV, ages 15-49 (per 1,000 uninfected population ages 15-49)",SH.HIV.INCD.ZS,,,,,,,,,,,,,,,,,,,,,,,,,,,,,,,,,,,,,,,,,,,,,,,,,,,,,,,,,,,,,,,,
Not classified,INX,"Incidence of HIV, ages 15-49 (per 1,000 uninfected population ages 15-49)",SH.HIV.INCD.ZS,,,,,,,,,,,,,,,,,,,,,,,,,,,,,,,,,,,,,,,,,,,,,,,,,,,,,,,,,,,,,,,,
Ireland,IRL,"Incidence of HIV, ages 15-49 (per 1,000 uninfected population ages 15-49)",SH.HIV.INCD.ZS,,,,,,,,,,,,,,,,,,,,,,,,,,,,,,,0.06,0.05,0.05,0.04,0.04,0.05,0.05,0.05,0.06,0.07,0.08,0.08,0.09,0.1,0.1,0.11,0.11,0.11,0.12,0.12,0.12,0.12,0.12,0.12,0.13,0.13,0.13,0.13,0.13,0.13,0.13,0.13,,
"Iran, Islamic Rep.",IRN,"Incidence of HIV, ages 15-49 (per 1,000 uninfected population ages 15-49)",SH.HIV.INCD.ZS,,,,,,,,,,,,,,,,,,,,,,,,,,,,,,,0.01,0.01,0.01,0.01,0.01,0.02,0.03,0.05,0.08,0.11,0.15,0.18,0.22,0.24,0.25,0.25,0.23,0.21,0.18,0.15,0.12,0.1,0.08,0.07,0.06,0.05,0.05,0.05,0.04,0.04,0.04,0.04,,
Iraq,IRQ,"Incidence of HIV, ages 15-49 (per 1,000 uninfected population ages 15-49)",SH.HIV.INCD.ZS,,,,,,,,,,,,,,,,,,,,,,,,,,,,,,,,,,,,,,,,,,,,,,,,,,,,,,,,,,,,,,,,
Iceland,ISL,"Incidence of HIV, ages 15-49 (per 1,000 uninfected population ages 15-49)",SH.HIV.INCD.ZS,,,,,,,,,,,,,,,,,,,,,,,,,,,,,,,0.05,0.04,0.04,0.04,0.04,0.04,0.04,0.04,0.04,0.04,0.04,0.04,0.05,0.05,0.05,0.06,0.06,0.07,0.07,0.08,0.09,0.09,0.1,0.1,0.1,0.1,0.1,0.09,0.09,0.08,0.07,0.07,,
Israel,ISR,"Incidence of HIV, ages 15-49 (per 1,000 uninfected population ages 15-49)",SH.HIV.INCD.ZS,,,,,,,,,,,,,,,,,,,,,,,,,,,,,,,,,,,,,,,,,,,,,,,,,,,,,,,,,,,,,,,,
Italy,ITA,"Incidence of HIV, ages 15-49 (per 1,000 uninfected population ages 15-49)",SH.HIV.INCD.ZS,,,,,,,,,,,,,,,,,,,,,,,,,,,,,,,0.17,0.17,0.17,0.18,0.18,0.19,0.19,0.19,0.19,0.18,0.18,0.18,0.18,0.17,0.17,0.17,0.16,0.16,0.16,0.15,0.15,0.15,0.14,0.13,0.13,0.13,0.12,0.12,0.1,0.08,0.07,0.04,,
Jamaica,JAM,"Incidence of HIV, ages 15-49 (per 1,000 uninfected population ages 15-49)",SH.HIV.INCD.ZS,,,,,,,,,,,,,,,,,,,,,,,,,,,,,,,4.3,2.47,1.64,1.52,1.52,1.46,1.43,1.4,1.44,1.46,1.38,1.35,1.33,1.32,1.3,1.27,1.11,1.09,1.01,0.97,0.91,0.88,0.86,0.82,0.75,0.72,0.69,0.69,0.75,0.73,0.75,0.76,,
Jordan,JOR,"Incidence of HIV, ages 15-49 (per 1,000 uninfected population ages 15-49)",SH.HIV.INCD.ZS,,,,,,,,,,,,,,,,,,,,,,,,,,,,,,,,,,,,,,,,,,,,,,,,,,,,,,,,,,,,,,,,
Japan,JPN,"Incidence of HIV, ages 15-49 (per 1,000 uninfected population ages 15-49)",SH.HIV.INCD.ZS,,,,,,,,,,,,,,,,,,,,,,,,,,,,,,,,,,,,,,,,,,,,,,,,,,,,,,,,,,,,,,,,
Kazakhstan,KAZ,"Incidence of HIV, ages 15-49 (per 1,000 uninfected population ages 15-49)",SH.HIV.INCD.ZS,,,,,,,,,,,,,,,,,,,,,,,,,,,,,,,0.01,0.01,0.01,0.01,0.01,0.01,0.01,0.01,0.02,0.03,0.04,0.05,0.07,0.08,0.1,0.12,0.13,0.15,0.16,0.17,0.18,0.2,0.21,0.22,0.23,0.25,0.26,0.28,0.29,0.31,0.33,0.35,,
Kenya,KEN,"Incidence of HIV, ages 15-49 (per 1,000 uninfected population ages 15-49)",SH.HIV.INCD.ZS,,,,,,,,,,,,,,,,,,,,,,,,,,,,,,,16.27,18.85,19.85,19.17,17.21,14.55,11.88,9.98,8.38,7.27,6.35,5.67,5.23,4.72,4.42,4.18,3.9,3.71,3.48,3.32,3.09,2.84,2.57,2.32,2.09,1.9,1.66,1.44,1.27,1.21,1.18,1.17,,
Kyrgyz Republic,KGZ,"Incidence of HIV, ages 15-49 (per 1,000 uninfected population ages 15-49)",SH.HIV.INCD.ZS,,,,,,,,,,,,,,,,,,,,,,,,,,,,,,,0.01,0.01,0.01,0.01,0.01,0.01,0.01,0.01,0.01,0.02,0.03,0.05,0.07,0.1,0.14,0.18,0.22,0.27,0.32,0.33,0.26,0.22,0.2,0.19,0.19,0.19,0.19,0.19,0.19,0.19,0.19,0.19,,
Cambodia,KHM,"Incidence of HIV, ages 15-49 (per 1,000 uninfected population ages 15-49)",SH.HIV.INCD.ZS,,,,,,,,,,,,,,,,,,,,,,,,,,,,,,,0.06,0.19,0.56,1.25,2.11,2.8,3.04,2.87,2.45,1.95,1.45,1.02,0.84,0.74,0.64,0.55,0.46,0.39,0.33,0.28,0.24,0.2,0.19,0.18,0.17,0.16,0.16,0.14,0.13,0.12,0.12,0.11,,
Kiribati,KIR,"Incidence of HIV, ages 15-49 (per 1,000 uninfected population ages 15-49)",SH.HIV.INCD.ZS,,,,,,,,,,,,,,,,,,,,,,,,,,,,,,,,,,,,,,,,,,,,,,,,,,,,,,,,,,,,,,,,
St. Kitts and Nevis,KNA,"Incidence of HIV, ages 15-49 (per 1,000 uninfected population ages 15-49)",SH.HIV.INCD.ZS,,,,,,,,,,,,,,,,,,,,,,,,,,,,,,,,,,,,,,,,,,,,,,,,,,,,,,,,,,,,,,,,
"Korea, Rep.",KOR,"Incidence of HIV, ages 15-49 (per 1,000 uninfected population ages 15-49)",SH.HIV.INCD.ZS,,,,,,,,,,,,,,,,,,,,,,,,,,,,,,,,,,,,,,,,,,,,,,,,,,,,,,,,,,,,,,,,
Kuwait,KWT,"Incidence of HIV, ages 15-49 (per 1,000 uninfected population ages 15-49)",SH.HIV.INCD.ZS,,,,,,,,,,,,,,,,,,,,,,,,,,,,,,,,,,,,,,,,,,,,,,,,,,,,,,,,,,,,,,,,
Latin America & Caribbean (excluding high income),LAC,"Incidence of HIV, ages 15-49 (per 1,000 uninfected population ages 15-49)",SH.HIV.INCD.ZS,,,,,,,,,,,,,,,,,,,,,,,,,,,,,,,0.429533358,0.440126331,0.448820792,0.459442075,0.468282608,0.47285383,0.470672866,0.464575851,0.461101548,0.450054284,0.431882771,0.417609491,0.409690237,0.398612913,0.389545756,0.382576256,0.374979624,0.368733581,0.358723009,0.353921473,0.351506851,0.349071181,0.342966536,0.336842505,0.329274974,0.328331467,0.324998023,0.321266092,0.317676452,0.314944702,0.3105605,0.310117272,,
Lao PDR,LAO,"Incidence of HIV, ages 15-49 (per 1,000 uninfected population ages 15-49)",SH.HIV.INCD.ZS,,,,,,,,,,,,,,,,,,,,,,,,,,,,,,,0.01,0.01,0.01,0.02,0.03,0.04,0.07,0.11,0.18,0.2,0.21,0.27,0.29,0.3,0.28,0.3,0.29,0.31,0.31,0.3,0.3,0.29,0.28,0.28,0.26,0.26,0.25,0.24,0.23,0.22,0.21,0.19,,
Lebanon,LBN,"Incidence of HIV, ages 15-49 (per 1,000 uninfected population ages 15-49)",SH.HIV.INCD.ZS,,,,,,,,,,,,,,,,,,,,,,,,,,,,,,,0.02,0.03,0.03,0.03,0.03,0.03,0.03,0.03,0.03,0.04,0.04,0.04,0.04,0.04,0.04,0.05,0.05,0.05,0.05,0.05,0.05,0.06,0.06,0.06,0.06,0.06,0.06,0.06,0.06,0.06,0.06,0.06,,
Liberia,LBR,"Incidence of HIV, ages 15-49 (per 1,000 uninfected population ages 15-49)",SH.HIV.INCD.ZS,,,,,,,,,,,,,,,,,,,,,,,,,,,,,,,,,,,,,,,,,,,,,,,,,,,,,,,,,,,,,,,,
Libya,LBY,"Incidence of HIV, ages 15-49 (per 1,000 uninfected population ages 15-49)",SH.HIV.INCD.ZS,,,,,,,,,,,,,,,,,,,,,,,,,,,,,,,0.01,0.01,0.01,0.02,0.02,0.03,0.04,0.05,0.06,0.07,0.08,0.09,0.09,0.1,0.12,0.12,0.13,0.13,0.14,0.14,0.13,0.13,0.13,0.12,0.12,0.12,0.12,0.11,0.11,0.1,0.1,0.1,,
St. Lucia,LCA,"Incidence of HIV, ages 15-49 (per 1,000 uninfected population ages 15-49)",SH.HIV.INCD.ZS,,,,,,,,,,,,,,,,,,,,,,,,,,,,,,,,,,,,,,,,,,,,,,,,,,,,,,,,,,,,,,,,
Latin America & Caribbean,LCN,"Incidence of HIV, ages 15-49 (per 1,000 uninfected population ages 15-49)",SH.HIV.INCD.ZS,,,,,,,,,,,,,,,,,,,,,,,,,,,,,,,0.418586125,0.430220509,0.440759416,0.452154011,0.461922474,0.467420885,0.466171856,0.460835805,0.457315011,0.446264584,0.428686068,0.414368007,0.406723452,0.395924193,0.387221476,0.38074298,0.373543919,0.367662628,0.358368378,0.353976491,0.351927467,0.349709484,0.344112424,0.338653391,0.331152126,0.330451962,0.327560262,0.323896773,0.320628342,0.318208798,0.314170429,0.313861705,,
Least developed countries: UN classification,LDC,"Incidence of HIV, ages 15-49 (per 1,000 uninfected population ages 15-49)",SH.HIV.INCD.ZS,,,,,,,,,,,,,,,,,,,,,,,,,,,,,,,3.149032768,3.281776599,3.295080782,3.210458735,3.071093635,2.891374095,2.699492117,2.51455555,2.342062407,2.176308558,2.021407603,1.89520325,1.777897594,1.666728378,1.57799848,1.499010164,1.432145756,1.364414281,1.286719285,1.235033689,1.182888361,1.136714002,1.102570294,1.038688485,0.96943732,0.900840308,0.848451505,0.781540733,0.712738107,0.639789666,0.564692124,0.520046801,,
Low income,LIC,"Incidence of HIV, ages 15-49 (per 1,000 uninfected population ages 15-49)",SH.HIV.INCD.ZS,,,,,,,,,,,,,,,,,,,,,,,,,,,,,,,4.178132471,4.267235113,4.17672908,4.031255985,3.750948779,3.430988607,3.141027238,2.89153643,2.657416652,2.42965989,2.227248412,2.049757504,1.888436276,1.743382376,1.622164242,1.512586513,1.42265784,1.342445548,1.264903345,1.194024075,1.128761844,1.073370994,1.019864842,0.943452135,0.862235658,0.794259206,0.751544211,0.679214028,0.604316892,0.551937366,0.507164325,0.48904743,,
Liechtenstein,LIE,"Incidence of HIV, ages 15-49 (per 1,000 uninfected population ages 15-49)",SH.HIV.INCD.ZS,,,,,,,,,,,,,,,,,,,,,,,,,,,,,,,,,,,,,,,,,,,,,,,,,,,,,,,,,,,,,,,,
Sri Lanka,LKA,"Incidence of HIV, ages 15-49 (per 1,000 uninfected population ages 15-49)",SH.HIV.INCD.ZS,,,,,,,,,,,,,,,,,,,,,,,,,,,,,,,0.01,0.01,0.01,0.01,0.01,0.02,0.02,0.03,0.03,0.04,0.04,0.04,0.04,0.04,0.04,0.03,0.03,0.03,0.03,0.03,0.02,0.02,0.02,0.02,0.02,0.02,0.02,0.01,0.01,0.01,0.01,0.01,,
Lower middle income,LMC,"Incidence of HIV, ages 15-49 (per 1,000 uninfected population ages 15-49)",SH.HIV.INCD.ZS,,,,,,,,,,,,,,,,,,,,,,,,,,,,,,,,,,,,,,,,,,,,,,,,,,,,,,,,,,,,,,,,
Low & middle income,LMY,"Incidence of HIV, ages 15-49 (per 1,000 uninfected population ages 15-49)",SH.HIV.INCD.ZS,,,,,,,,,,,,,,,,,,,,,,,,,,,,,,,,,,,,,,,,,,,,,,,,,,,,,,,,,,,,,,,,
Lesotho,LSO,"Incidence of HIV, ages 15-49 (per 1,000 uninfected population ages 15-49)",SH.HIV.INCD.ZS,,,,,,,,,,,,,,,,,,,,,,,,,,,,,,,8.16,13.04,20.2,27.74,35.63,40.34,42.16,40.74,37.77,34.43,32.2,29.77,28.76,27.48,27.19,27.19,27.32,26.98,25.45,24.21,22.85,21.85,21.94,21.71,20.52,18.93,16.31,13.71,11.35,9.82,8.91,8.1,,
Late-demographic dividend,LTE,"Incidence of HIV, ages 15-49 (per 1,000 uninfected population ages 15-49)",SH.HIV.INCD.ZS,,,,,,,,,,,,,,,,,,,,,,,,,,,,,,,,,,,,,,,,,,,,,,,,,,,,,,,,,,,,,,,,
Lithuania,LTU,"Incidence of HIV, ages 15-49 (per 1,000 uninfected population ages 15-49)",SH.HIV.INCD.ZS,,,,,,,,,,,,,,,,,,,,,,,,,,,,,,,0.03,0.04,0.04,0.04,0.04,0.05,0.05,0.06,0.06,0.07,0.07,0.21,0.09,0.09,0.1,0.11,0.12,0.12,0.13,0.14,0.15,0.15,0.16,0.16,0.17,0.17,0.17,0.17,0.17,0.16,0.16,0.16,,
Luxembourg,LUX,"Incidence of HIV, ages 15-49 (per 1,000 uninfected population ages 15-49)",SH.HIV.INCD.ZS,,,,,,,,,,,,,,,,,,,,,,,,,,,,,,,0.12,0.12,0.12,0.11,0.11,0.1,0.1,0.1,0.1,0.1,0.11,0.12,0.12,0.13,0.14,0.14,0.15,0.16,0.16,0.17,0.18,0.18,0.18,0.18,0.18,0.18,0.17,0.16,0.16,0.14,0.13,0.12,,
Latvia,LVA,"Incidence of HIV, ages 15-49 (per 1,000 uninfected population ages 15-49)",SH.HIV.INCD.ZS,,,,,,,,,,,,,,,,,,,,,,,,,,,,,,,0.07,0.08,0.09,0.1,0.12,0.14,0.18,0.24,0.49,0.74,0.48,0.4,0.35,0.31,0.29,0.28,0.3,0.32,0.34,0.37,0.39,0.43,0.46,0.49,0.54,0.58,0.62,0.63,0.64,0.64,0.63,0.62,,
"Macao SAR, China",MAC,"Incidence of HIV, ages 15-49 (per 1,000 uninfected population ages 15-49)",SH.HIV.INCD.ZS,,,,,,,,,,,,,,,,,,,,,,,,,,,,,,,,,,,,,,,,,,,,,,,,,,,,,,,,,,,,,,,,
St. Martin (French part),MAF,"Incidence of HIV, ages 15-49 (per 1,000 uninfected population ages 15-49)",SH.HIV.INCD.ZS,,,,,,,,,,,,,,,,,,,,,,,,,,,,,,,,,,,,,,,,,,,,,,,,,,,,,,,,,,,,,,,,
Morocco,MAR,"Incidence of HIV, ages 15-49 (per 1,000 uninfected population ages 15-49)",SH.HIV.INCD.ZS,,,,,,,,,,,,,,,,,,,,,,,,,,,,,,,0.05,0.05,0.06,0.07,0.08,0.08,0.08,0.08,0.09,0.09,0.09,0.09,0.09,0.09,0.09,0.09,0.09,0.09,0.08,0.08,0.08,0.08,0.07,0.06,0.06,0.05,0.05,0.05,0.05,0.04,0.04,0.04,,
Monaco,MCO,"Incidence of HIV, ages 15-49 (per 1,000 uninfected population ages 15-49)",SH.HIV.INCD.ZS,,,,,,,,,,,,,,,,,,,,,,,,,,,,,,,,,,,,,,,,,,,,,,,,,,,,,,,,,,,,,,,,
Moldova,MDA,"Incidence of HIV, ages 15-49 (per 1,000 uninfected population ages 15-49)",SH.HIV.INCD.ZS,,,,,,,,,,,,,,,,,,,,,,,,,,,,,,,0.02,0.02,0.03,0.03,0.04,0.06,0.28,1.38,0.62,0.37,0.38,0.42,0.47,0.53,0.59,0.65,0.7,0.73,0.73,0.73,0.71,0.7,0.67,0.65,0.64,0.64,0.6,0.6,0.6,0.58,0.58,0.59,,
Madagascar,MDG,"Incidence of HIV, ages 15-49 (per 1,000 uninfected population ages 15-49)",SH.HIV.INCD.ZS,,,,,,,,,,,,,,,,,,,,,,,,,,,,,,,0.01,0.01,0.01,0.01,0.01,0.01,0.01,0.02,0.03,0.03,0.04,0.06,0.07,0.08,0.1,0.12,0.14,0.16,0.19,0.22,0.25,0.29,0.33,0.36,0.39,0.43,0.46,0.49,0.46,0.52,0.53,0.6,,
Maldives,MDV,"Incidence of HIV, ages 15-49 (per 1,000 uninfected population ages 15-49)",SH.HIV.INCD.ZS,,,,,,,,,,,,,,,,,,,,,,,,,,,,,,,,,,,,,,,,,,,,,,,,,,,,,,,,,,,,,,,,
Middle East & North Africa,MEA,"Incidence of HIV, ages 15-49 (per 1,000 uninfected population ages 15-49)",SH.HIV.INCD.ZS,,,,,,,,,,,,,,,,,,,,,,,,,,,,,,,,,,,,,,,,,,,,,,,,,,,,,,,,,,,,,,,,
Mexico,MEX,"Incidence of HIV, ages 15-49 (per 1,000 uninfected population ages 15-49)",SH.HIV.INCD.ZS,,,,,,,,,,,,,,,,,,,,,,,,,,,,,,,0.22,0.23,0.23,0.24,0.25,0.25,0.26,0.26,0.26,0.27,0.27,0.27,0.27,0.27,0.27,0.27,0.27,0.27,0.27,0.27,0.27,0.27,0.27,0.27,0.27,0.27,0.26,0.26,0.25,0.24,0.24,0.23,,
Marshall Islands,MHL,"Incidence of HIV, ages 15-49 (per 1,000 uninfected population ages 15-49)",SH.HIV.INCD.ZS,,,,,,,,,,,,,,,,,,,,,,,,,,,,,,,,,,,,,,,,,,,,,,,,,,,,,,,,,,,,,,,,
Middle income,MIC,"Incidence of HIV, ages 15-49 (per 1,000 uninfected population ages 15-49)",SH.HIV.INCD.ZS,,,,,,,,,,,,,,,,,,,,,,,,,,,,,,,,,,,,,,,,,,,,,,,,,,,,,,,,,,,,,,,,
North Macedonia,MKD,"Incidence of HIV, ages 15-49 (per 1,000 uninfected population ages 15-49)",SH.HIV.INCD.ZS,,,,,,,,,,,,,,,,,,,,,,,,,,,,,,,,,,,,,,,,,,,,,,,,,,,,,,,,,,,,,,,,
Mali,MLI,"Incidence of HIV, ages 15-49 (per 1,000 uninfected population ages 15-49)",SH.HIV.INCD.ZS,,,,,,,,,,,,,,,,,,,,,,,,,,,,,,,2.65,2.83,2.83,2.84,2.68,2.62,2.48,2.24,2.11,1.92,1.76,1.61,1.48,1.37,1.28,1.2,1.14,1.06,1,0.93,0.87,0.82,0.76,0.73,0.71,0.67,0.63,0.59,0.54,0.5,0.48,0.42,,
Malta,MLT,"Incidence of HIV, ages 15-49 (per 1,000 uninfected population ages 15-49)",SH.HIV.INCD.ZS,,,,,,,,,,,,,,,,,,,,,,,,,,,,,,,,,,,,,,,,,,,,,,,,,,,,,,,,,,,,,,,,
Myanmar,MMR,"Incidence of HIV, ages 15-49 (per 1,000 uninfected population ages 15-49)",SH.HIV.INCD.ZS,,,,,,,,,,,,,,,,,,,,,,,,,,,,,,,0.29,0.73,0.96,0.71,0.61,0.6,0.62,0.7,0.76,0.86,0.95,0.93,0.9,0.86,0.82,0.78,0.73,0.7,0.65,0.61,0.57,0.55,0.54,0.52,0.5,0.48,0.45,0.42,0.39,0.36,0.33,0.32,,
Middle East & North Africa (excluding high income),MNA,"Incidence of HIV, ages 15-49 (per 1,000 uninfected population ages 15-49)",SH.HIV.INCD.ZS,,,,,,,,,,,,,,,,,,,,,,,,,,,,,,,,,,,,,,,,,,,,,,,,,,,,,,,,,,,,,,,,
Montenegro,MNE,"Incidence of HIV, ages 15-49 (per 1,000 uninfected population ages 15-49)",SH.HIV.INCD.ZS,,,,,,,,,,,,,,,,,,,,,,,,,,,,,,,0.01,0.01,0.01,0.01,0.01,0.01,0.02,0.02,0.02,0.02,0.03,0.03,0.03,0.04,0.04,0.05,0.05,0.05,0.06,0.06,0.06,0.06,0.06,0.06,0.06,0.06,0.06,0.06,0.06,0.06,0.06,0.06,,
Mongolia,MNG,"Incidence of HIV, ages 15-49 (per 1,000 uninfected population ages 15-49)",SH.HIV.INCD.ZS,,,,,,,,,,,,,,,,,,,,,,,,,,,,,,,0.01,0.01,0.01,0.01,0.01,0.01,0.01,0.01,0.01,0.01,0.01,0.02,0.02,0.03,0.04,0.03,0.03,0.03,0.03,0.03,0.03,0.03,0.03,0.03,0.03,0.02,0.02,0.02,0.02,0.02,0.03,0.02,,
Northern Mariana Islands,MNP,"Incidence of HIV, ages 15-49 (per 1,000 uninfected population ages 15-49)",SH.HIV.INCD.ZS,,,,,,,,,,,,,,,,,,,,,,,,,,,,,,,,,,,,,,,,,,,,,,,,,,,,,,,,,,,,,,,,
Mozambique,MOZ,"Incidence of HIV, ages 15-49 (per 1,000 uninfected population ages 15-49)",SH.HIV.INCD.ZS,,,,,,,,,,,,,,,,,,,,,,,,,,,,,,,,,,,,,,,,,,,,,,,,,,,,,,,,,,,,,,,,
Mauritania,MRT,"Incidence of HIV, ages 15-49 (per 1,000 uninfected population ages 15-49)",SH.HIV.INCD.ZS,,,,,,,,,,,,,,,,,,,,,,,,,,,,,,,0.43,0.51,0.58,0.65,0.72,0.77,0.8,0.82,0.85,0.85,0.86,0.82,0.79,0.72,0.67,0.61,0.52,0.45,0.38,0.33,0.29,0.26,0.25,0.24,0.24,0.25,0.25,0.24,0.23,0.4,0.19,0.2,,
Mauritius,MUS,"Incidence of HIV, ages 15-49 (per 1,000 uninfected population ages 15-49)",SH.HIV.INCD.ZS,,,,,,,,,,,,,,,,,,,,,,,,,,,,,,,0.01,0.03,0.06,0.11,0.23,0.42,0.69,1.06,1.45,1.78,1.97,1.97,1.96,1.88,1.8,1.75,1.7,1.7,1.69,1.67,1.63,1.56,1.45,1.33,1.25,1.16,1.09,1.05,1.04,0.97,0.9,0.92,,
Malawi,MWI,"Incidence of HIV, ages 15-49 (per 1,000 uninfected population ages 15-49)",SH.HIV.INCD.ZS,,,,,,,,,,,,,,,,,,,,,,,,,,,,,,,20.6,22.5,23.45,23.95,23.8,22.97,21.68,20.18,18.39,16.72,15.31,13.91,12.53,11.6,10.71,9.84,9.22,8.61,7.93,7.51,7.11,6.78,6.37,5.74,5.1,4.52,4.08,3.39,2.81,2.4,2.22,1.93,,
Malaysia,MYS,"Incidence of HIV, ages 15-49 (per 1,000 uninfected population ages 15-49)",SH.HIV.INCD.ZS,,,,,,,,,,,,,,,,,,,,,,,,,,,,,,,0.55,0.79,0.83,0.71,0.59,0.52,0.48,0.47,0.47,0.47,0.46,0.46,0.43,0.41,0.39,0.36,0.35,0.32,0.31,0.29,0.28,0.26,0.26,0.25,0.24,0.23,0.23,0.22,0.22,0.24,0.26,0.28,,
North America,NAC,"Incidence of HIV, ages 15-49 (per 1,000 uninfected population ages 15-49)",SH.HIV.INCD.ZS,,,,,,,,,,,,,,,,,,,,,,,,,,,,,,,,,,,,,,,,,,,,,,,,,,,0.23,0.22,0.22,0.21,0.22,0.22,0.22,0.21,0.21,0.2,,,,
Namibia,NAM,"Incidence of HIV, ages 15-49 (per 1,000 uninfected population ages 15-49)",SH.HIV.INCD.ZS,,,,,,,,,,,,,,,,,,,,,,,,,,,,,,,7.44,10.2,13.76,17.83,21.71,24.84,26.11,25.81,23.99,21.76,19.59,18,16.45,15.26,14.38,13.28,12.39,11.36,10.31,9.75,9.69,9.35,8.74,8.26,7.89,8.11,7.75,7.6,6.87,6.13,5.27,5.16,,
New Caledonia,NCL,"Incidence of HIV, ages 15-49 (per 1,000 uninfected population ages 15-49)",SH.HIV.INCD.ZS,,,,,,,,,,,,,,,,,,,,,,,,,,,,,,,,,,,,,,,,,,,,,,,,,,,,,,,,,,,,,,,,
Niger,NER,"Incidence of HIV, ages 15-49 (per 1,000 uninfected population ages 15-49)",SH.HIV.INCD.ZS,,,,,,,,,,,,,,,,,,,,,,,,,,,,,,,0.54,0.69,0.8,0.92,0.99,1.03,1.03,1.02,0.97,0.9,0.83,0.73,0.61,0.53,0.44,0.37,0.32,0.26,0.2,0.18,0.14,0.13,0.12,0.11,0.1,0.1,0.09,0.08,0.07,0.07,0.06,0.06,,
Nigeria,NGA,"Incidence of HIV, ages 15-49 (per 1,000 uninfected population ages 15-49)",SH.HIV.INCD.ZS,,,,,,,,,,,,,,,,,,,,,,,,,,,,,,,2.71,2.91,3.08,3.18,3.02,2.96,2.88,2.64,2.35,2.26,2.07,1.88,1.75,1.65,1.57,1.5,1.38,1.29,1.25,1.18,1.12,1.09,1.07,0.98,0.92,0.9,0.87,0.82,0.81,0.78,0.67,0.44,,
Nicaragua,NIC,"Incidence of HIV, ages 15-49 (per 1,000 uninfected population ages 15-49)",SH.HIV.INCD.ZS,,,,,,,,,,,,,,,,,,,,,,,,,,,,,,,0.02,0.03,0.04,0.07,0.1,0.14,0.18,0.23,0.28,0.3,0.29,0.26,0.25,0.24,0.23,0.23,0.22,0.22,0.21,0.21,0.2,0.2,0.2,0.19,0.19,0.18,0.18,0.17,0.16,0.15,0.14,0.14,,
Netherlands,NLD,"Incidence of HIV, ages 15-49 (per 1,000 uninfected population ages 15-49)",SH.HIV.INCD.ZS,,,,,,,,,,,,,,,,,,,,,,,,,,,,,,,0.07,0.08,0.09,0.1,0.11,0.11,0.11,0.1,0.1,0.1,0.1,0.1,0.1,0.11,0.11,0.11,0.11,0.12,0.11,0.11,0.11,0.1,0.1,0.09,0.08,0.07,0.06,0.06,0.04,0.03,0.02,0.02,,
Norway,NOR,"Incidence of HIV, ages 15-49 (per 1,000 uninfected population ages 15-49)",SH.HIV.INCD.ZS,,,,,,,,,,,,,,,,,,,,,,,,,,,,,,,0.06,0.06,0.06,0.06,0.06,0.06,0.06,0.06,0.06,0.06,0.05,0.05,0.05,0.05,0.05,0.05,0.05,0.05,0.06,0.06,0.07,0.07,0.08,0.08,0.07,0.07,0.07,0.06,0.05,0.04,0.03,0.02,,
Nepal,NPL,"Incidence of HIV, ages 15-49 (per 1,000 uninfected population ages 15-49)",SH.HIV.INCD.ZS,,,,,,,,,,,,,,,,,,,,,,,,,,,,,,,,,,,,,,,,,,,,,,,,,,,,,,,,,,,,,,,,
Nauru,NRU,"Incidence of HIV, ages 15-49 (per 1,000 uninfected population ages 15-49)",SH.HIV.INCD.ZS,,,,,,,,,,,,,,,,,,,,,,,,,,,,,,,,,,,,,,,,,,,,,,,,,,,,,,,,,,,,,,,,
New Zealand,NZL,"Incidence of HIV, ages 15-49 (per 1,000 uninfected population ages 15-49)",SH.HIV.INCD.ZS,,,,,,,,,,,,,,,,,,,,,,,,,,,,,,,0.05,0.05,0.05,0.04,0.04,0.04,0.04,0.04,0.04,0.04,0.04,0.04,0.05,0.05,0.06,0.06,0.06,0.06,0.07,0.07,0.07,0.07,0.07,0.06,0.06,0.06,0.06,0.06,0.05,0.05,0.05,0.05,,
OECD members,OED,"Incidence of HIV, ages 15-49 (per 1,000 uninfected population ages 15-49)",SH.HIV.INCD.ZS,,,,,,,,,,,,,,,,,,,,,,,,,,,,,,,,,,,,,,,,,,,,,,,,,,,,,,,,,,,,,,,,
Oman,OMN,"Incidence of HIV, ages 15-49 (per 1,000 uninfected population ages 15-49)",SH.HIV.INCD.ZS,,,,,,,,,,,,,,,,,,,,,,,,,,,,,,,0.13,0.18,0.23,0.27,0.25,0.18,0.14,0.12,0.1,0.1,0.1,0.1,0.1,0.1,0.1,0.1,0.1,0.1,0.1,0.1,0.1,0.1,0.1,0.1,0.1,0.1,0.1,0.1,0.1,0.1,0.1,0.1,,
Other small states,OSS,"Incidence of HIV, ages 15-49 (per 1,000 uninfected population ages 15-49)",SH.HIV.INCD.ZS,,,,,,,,,,,,,,,,,,,,,,,,,,,,,,,4.32788035,6.028110687,8.157654529,10.38465473,12.26830632,13.38504102,13.75771699,13.35837644,12.55799432,11.49795253,10.53089452,9.662083072,9.015455866,8.369957555,7.89990983,7.435059478,7.007314003,6.510133104,6.063008219,5.687201618,5.438778721,5.175859398,4.981555649,4.748758164,4.466231844,4.214923564,3.880647071,3.481920076,3.112039252,2.835211549,2.606189658,2.506938815,,
Pakistan,PAK,"Incidence of HIV, ages 15-49 (per 1,000 uninfected population ages 15-49)",SH.HIV.INCD.ZS,,,,,,,,,,,,,,,,,,,,,,,,,,,,,,,,,,,,,,,,,,,,,,,,,,,,,,,,,,,,,,,,
Panama,PAN,"Incidence of HIV, ages 15-49 (per 1,000 uninfected population ages 15-49)",SH.HIV.INCD.ZS,,,,,,,,,,,,,,,,,,,,,,,,,,,,,,,,,,,,,,,,,,,,,,,,,,,,,,,,,,,,,,,,
Peru,PER,"Incidence of HIV, ages 15-49 (per 1,000 uninfected population ages 15-49)",SH.HIV.INCD.ZS,,,,,,,,,,,,,,,,,,,,,,,,,,,,,,,0.52,0.45,0.41,0.36,0.34,0.33,0.33,0.32,0.33,0.33,0.34,0.33,0.34,0.33,0.32,0.33,0.32,0.31,0.28,0.27,0.25,0.22,0.22,0.2,0.2,0.23,0.25,0.25,0.26,0.27,0.28,0.29,,
Philippines,PHL,"Incidence of HIV, ages 15-49 (per 1,000 uninfected population ages 15-49)",SH.HIV.INCD.ZS,,,,,,,,,,,,,,,,,,,,,,,,,,,,,,,0.01,0.01,0.01,0.01,0.01,0.01,0.01,0.01,0.01,0.01,0.01,0.01,0.01,0.01,0.02,0.02,0.03,0.04,0.05,0.08,0.1,0.1,0.12,0.14,0.17,0.19,0.2,0.23,0.25,0.28,0.3,0.36,,
Palau,PLW,"Incidence of HIV, ages 15-49 (per 1,000 uninfected population ages 15-49)",SH.HIV.INCD.ZS,,,,,,,,,,,,,,,,,,,,,,,,,,,,,,,,,,,,,,,,,,,,,,,,,,,,,,,,,,,,,,,,
Papua New Guinea,PNG,"Incidence of HIV, ages 15-49 (per 1,000 uninfected population ages 15-49)",SH.HIV.INCD.ZS,,,,,,,,,,,,,,,,,,,,,,,,,,,,,,,0.03,0.04,0.07,0.1,0.16,0.23,0.33,0.46,0.61,0.76,0.91,1.01,1.06,1.05,0.99,0.89,0.79,0.68,0.6,0.56,0.55,0.56,0.58,0.6,0.62,0.63,0.64,0.66,0.67,0.65,0.65,0.64,,
Poland,POL,"Incidence of HIV, ages 15-49 (per 1,000 uninfected population ages 15-49)",SH.HIV.INCD.ZS,,,,,,,,,,,,,,,,,,,,,,,,,,,,,,,,,,,,,,,,,,,,,,,,,,,,,,,,,,,,,,,,
Pre-demographic dividend,PRE,"Incidence of HIV, ages 15-49 (per 1,000 uninfected population ages 15-49)",SH.HIV.INCD.ZS,,,,,,,,,,,,,,,,,,,,,,,,,,,,,,,5.217671748,5.506948673,5.601466472,5.534674802,5.235025942,4.921521481,4.572476342,4.214140314,3.878003242,3.601257885,3.32632325,3.097125785,2.88196201,2.68807903,2.540999254,2.404868053,2.274488799,2.162371373,2.05165955,1.959412458,1.859221382,1.778745129,1.707650963,1.585872897,1.473529015,1.376701606,1.294977605,1.189309835,1.091135311,0.992702746,0.876757363,0.763685415,,
Puerto Rico,PRI,"Incidence of HIV, ages 15-49 (per 1,000 uninfected population ages 15-49)",SH.HIV.INCD.ZS,,,,,,,,,,,,,,,,,,,,,,,,,,,,,,,,,,,,,,,,,,,,,,,,,,,,,,,,,,,,,,,,
"Korea, Dem. People's Rep.",PRK,"Incidence of HIV, ages 15-49 (per 1,000 uninfected population ages 15-49)",SH.HIV.INCD.ZS,,,,,,,,,,,,,,,,,,,,,,,,,,,,,,,,,,,,,,,,,,,,,,,,,,,,,,,,,,,,,,,,
Portugal,PRT,"Incidence of HIV, ages 15-49 (per 1,000 uninfected population ages 15-49)",SH.HIV.INCD.ZS,,,,,,,,,,,,,,,,,,,,,,,,,,,,,,,0.56,0.59,0.58,0.55,0.52,0.5,0.47,0.45,0.43,0.41,0.39,0.38,0.37,0.35,0.34,0.33,0.33,0.32,0.31,0.3,0.29,0.28,0.26,0.25,0.24,0.22,0.21,0.2,0.18,0.17,0.15,0.14,,
Paraguay,PRY,"Incidence of HIV, ages 15-49 (per 1,000 uninfected population ages 15-49)",SH.HIV.INCD.ZS,,,,,,,,,,,,,,,,,,,,,,,,,,,,,,,0.15,0.19,0.23,0.27,0.29,0.3,0.31,0.32,0.33,0.33,0.32,0.31,0.3,0.29,0.29,0.28,0.27,0.26,0.26,0.25,0.25,0.24,0.24,0.23,0.22,0.21,0.22,0.21,0.21,0.2,0.2,0.2,,
West Bank and Gaza,PSE,"Incidence of HIV, ages 15-49 (per 1,000 uninfected population ages 15-49)",SH.HIV.INCD.ZS,,,,,,,,,,,,,,,,,,,,,,,,,,,,,,,,,,,,,,,,,,,,,,,,,,,,,,,,,,,,,,,,
Pacific island small states,PSS,"Incidence of HIV, ages 15-49 (per 1,000 uninfected population ages 15-49)",SH.HIV.INCD.ZS,,,,,,,,,,,,,,,,,,,,,,,,,,,,,,,,,,,,,,,,,,,,,,,,,,,,,,,,,,,,,,,,
Post-demographic dividend,PST,"Incidence of HIV, ages 15-49 (per 1,000 uninfected population ages 15-49)",SH.HIV.INCD.ZS,,,,,,,,,,,,,,,,,,,,,,,,,,,,,,,,,,,,,,,,,,,,,,,,,,,0.203786913,0.196323879,0.195866836,0.188504525,0.190951314,0.18893603,0.186633443,0.18023905,0.174889795,0.167181094,,,,
French Polynesia,PYF,"Incidence of HIV, ages 15-49 (per 1,000 uninfected population ages 15-49)",SH.HIV.INCD.ZS,,,,,,,,,,,,,,,,,,,,,,,,,,,,,,,,,,,,,,,,,,,,,,,,,,,,,,,,,,,,,,,,
Qatar,QAT,"Incidence of HIV, ages 15-49 (per 1,000 uninfected population ages 15-49)",SH.HIV.INCD.ZS,,,,,,,,,,,,,,,,,,,,,,,,,,,,,,,0.05,0.06,0.06,0.06,0.06,0.07,0.07,0.07,0.07,0.08,0.08,0.08,0.08,0.09,0.09,0.09,0.09,0.1,0.1,0.1,0.1,0.11,0.11,0.11,0.11,0.12,0.12,0.12,0.12,0.13,0.13,0.13,,
Romania,ROU,"Incidence of HIV, ages 15-49 (per 1,000 uninfected population ages 15-49)",SH.HIV.INCD.ZS,,,,,,,,,,,,,,,,,,,,,,,,,,,,,,,0.03,0.01,0.01,0.02,0.04,0.05,0.06,0.06,0.07,0.07,0.07,0.07,0.07,0.07,0.07,0.07,0.07,0.08,0.08,0.08,0.08,0.08,0.08,0.08,0.08,0.08,0.08,0.08,0.08,0.08,0.08,0.08,,
Russian Federation,RUS,"Incidence of HIV, ages 15-49 (per 1,000 uninfected population ages 15-49)",SH.HIV.INCD.ZS,,,,,,,,,,,,,,,,,,,,,,,,,,,,,,,,,,,,,,,,,,,,,,,,,,,,,,,,,,,,,,,,
Rwanda,RWA,"Incidence of HIV, ages 15-49 (per 1,000 uninfected population ages 15-49)",SH.HIV.INCD.ZS,,,,,,,,,,,,,,,,,,,,,,,,,,,,,,,7.22,7.43,6.84,6.84,6.91,6.86,6.64,6.34,5.87,5.29,4.74,4.24,3.81,3.45,3.11,2.79,2.47,1.91,1.71,1.59,1.54,1.45,1.36,1.24,1.11,1.01,0.93,0.76,0.65,0.58,0.53,0.52,,
South Asia,SAS,"Incidence of HIV, ages 15-49 (per 1,000 uninfected population ages 15-49)",SH.HIV.INCD.ZS,,,,,,,,,,,,,,,,,,,,,,,,,,,,,,,,,,,,,,,,,,,,,,,,,,,,,,,,,,,,,,,,
Saudi Arabia,SAU,"Incidence of HIV, ages 15-49 (per 1,000 uninfected population ages 15-49)",SH.HIV.INCD.ZS,,,,,,,,,,,,,,,,,,,,,,,,,,,,,,,,,,,,,,,,,,,,,,,,,,,,,,,,,,,,,,,,
Sudan,SDN,"Incidence of HIV, ages 15-49 (per 1,000 uninfected population ages 15-49)",SH.HIV.INCD.ZS,,,,,,,,,,,,,,,,,,,,,,,,,,,,,,,0.18,0.21,0.23,0.25,0.27,0.28,0.29,0.28,0.28,0.27,0.27,0.25,0.24,0.23,0.22,0.21,0.2,0.2,0.19,0.17,0.16,0.15,0.14,0.14,0.13,0.13,0.13,0.12,0.11,0.11,0.11,0.11,,
Senegal,SEN,"Incidence of HIV, ages 15-49 (per 1,000 uninfected population ages 15-49)",SH.HIV.INCD.ZS,,,,,,,,,,,,,,,,,,,,,,,,,,,,,,,0.43,0.52,0.62,0.73,0.84,0.93,1.03,1.11,1.16,1.18,1.16,1.11,1.04,0.94,0.85,0.73,0.61,0.51,0.35,0.28,0.22,0.17,0.14,0.12,0.1,0.11,0.12,0.13,0.14,0.14,0.14,0.15,,
Singapore,SGP,"Incidence of HIV, ages 15-49 (per 1,000 uninfected population ages 15-49)",SH.HIV.INCD.ZS,,,,,,,,,,,,,,,,,,,,,,,,,,,,,,,0.07,0.09,0.1,0.12,0.14,0.16,0.18,0.19,0.21,0.22,0.23,0.24,0.24,0.24,0.24,0.23,0.23,0.22,0.21,0.2,0.19,0.18,0.17,0.15,0.14,0.13,0.11,0.1,0.08,0.06,0.04,0.01,,
Solomon Islands,SLB,"Incidence of HIV, ages 15-49 (per 1,000 uninfected population ages 15-49)",SH.HIV.INCD.ZS,,,,,,,,,,,,,,,,,,,,,,,,,,,,,,,,,,,,,,,,,,,,,,,,,,,,,,,,,,,,,,,,
Sierra Leone,SLE,"Incidence of HIV, ages 15-49 (per 1,000 uninfected population ages 15-49)",SH.HIV.INCD.ZS,,,,,,,,,,,,,,,,,,,,,,,,,,,,,,,1.67,1.92,2.08,2.17,2.25,2.33,2.33,2.27,2.3,2.17,2.09,2.02,1.95,1.87,1.73,1.72,1.68,1.62,1.55,1.49,1.42,1.32,1.23,1.24,1.16,1.08,1,0.88,0.79,0.69,0.6,0.54,,
El Salvador,SLV,"Incidence of HIV, ages 15-49 (per 1,000 uninfected population ages 15-49)",SH.HIV.INCD.ZS,,,,,,,,,,,,,,,,,,,,,,,,,,,,,,,0.32,0.41,0.49,0.57,0.65,0.71,0.75,0.77,0.78,0.78,0.75,0.72,0.69,0.65,0.6,0.56,0.52,0.48,0.45,0.42,0.39,0.37,0.35,0.33,0.32,0.31,0.3,0.3,0.29,0.29,0.28,0.28,,
San Marino,SMR,"Incidence of HIV, ages 15-49 (per 1,000 uninfected population ages 15-49)",SH.HIV.INCD.ZS,,,,,,,,,,,,,,,,,,,,,,,,,,,,,,,,,,,,,,,,,,,,,,,,,,,,,,,,,,,,,,,,
Somalia,SOM,"Incidence of HIV, ages 15-49 (per 1,000 uninfected population ages 15-49)",SH.HIV.INCD.ZS,,,,,,,,,,,,,,,,,,,,,,,,,,,,,,,,,,,,,,,,,,,,,,,,,,,,,,,,,,,,,,,,
Serbia,SRB,"Incidence of HIV, ages 15-49 (per 1,000 uninfected population ages 15-49)",SH.HIV.INCD.ZS,,,,,,,,,,,,,,,,,,,,,,,,,,,,,,,0.04,0.03,0.03,0.02,0.02,0.01,0.01,0.01,0.01,0.01,0.01,0.01,0.02,0.02,0.02,0.02,0.03,0.03,0.03,0.03,0.04,0.04,0.04,0.04,0.04,0.04,0.04,0.05,0.05,0.05,0.05,0.05,,
Sub-Saharan Africa (excluding high income),SSA,"Incidence of HIV, ages 15-49 (per 1,000 uninfected population ages 15-49)",SH.HIV.INCD.ZS,,,,,,,,,,,,,,,,,,,,,,,,,,,,,,,5.993381499,6.529661852,6.857979908,7.00816163,6.911455159,6.733379356,6.478612411,6.176973629,5.844711038,5.519997737,5.171217535,4.84848989,4.541488768,4.249103439,4.010117916,3.78464079,3.575965923,3.383204347,3.202833256,3.050804831,2.890931703,2.740462324,2.593685243,2.40175154,2.224821083,2.064091209,1.91629417,1.729105454,1.546745453,1.392866784,1.230851178,1.09517177,,
South Sudan,SSD,"Incidence of HIV, ages 15-49 (per 1,000 uninfected population ages 15-49)",SH.HIV.INCD.ZS,,,,,,,,,,,,,,,,,,,,,,,,,,,,,,,1.58,1.77,2.01,2.24,2.34,2.5,2.5,2.66,2.71,2.56,2.59,2.5,2.44,2.33,2.32,2.25,2.25,2.18,2.1,2.09,2.05,2.07,2.08,2.04,2.02,1.95,1.98,1.95,2.03,2.07,2.07,2.05,,
Sub-Saharan Africa,SSF,"Incidence of HIV, ages 15-49 (per 1,000 uninfected population ages 15-49)",SH.HIV.INCD.ZS,,,,,,,,,,,,,,,,,,,,,,,,,,,,,,,5.993381499,6.529661852,6.857979908,7.00816163,6.911455159,6.733379356,6.478612411,6.176973629,5.844711038,5.519997737,5.171217535,4.84848989,4.541488768,4.249103439,4.010117916,3.78464079,3.575965923,3.383204347,3.202833256,3.050804831,2.890931703,2.740462324,2.593685243,2.40175154,2.224821083,2.064091209,1.91629417,1.729105454,1.546745453,1.392866784,1.230851178,1.09517177,,
Small states,SST,"Incidence of HIV, ages 15-49 (per 1,000 uninfected population ages 15-49)",SH.HIV.INCD.ZS,,,,,,,,,,,,,,,,,,,,,,,,,,,,,,,3.793120723,4.849082721,6.347873005,8.007662529,9.428073278,10.26976829,10.56666329,10.28907244,9.720404923,8.948026301,8.229034281,7.586753896,7.110965669,6.636160009,6.290946179,5.949840084,5.626711957,5.263940363,4.929370373,4.648068127,4.459050439,4.256000182,4.109916629,3.929629639,3.710154306,3.519678059,3.261455736,2.949011505,2.661563781,2.438253152,2.257133543,2.182606204,,
Sao Tome and Principe,STP,"Incidence of HIV, ages 15-49 (per 1,000 uninfected population ages 15-49)",SH.HIV.INCD.ZS,,,,,,,,,,,,,,,,,,,,,,,,,,,,,,,4.93,5.42,5.62,5.43,4.85,4.17,3.47,2.82,2.37,2.18,1.74,1.65,1.4,1.09,0.88,0.73,0.65,0.58,0.52,0.46,0.41,0.36,0.31,0.27,0.23,0.2,0.16,0.12,0.09,0.08,0.07,0.06,,
Suriname,SUR,"Incidence of HIV, ages 15-49 (per 1,000 uninfected population ages 15-49)",SH.HIV.INCD.ZS,,,,,,,,,,,,,,,,,,,,,,,,,,,,,,,0.5,0.62,0.75,0.88,1.03,1.18,1.3,1.45,1.6,1.67,1.73,1.68,1.64,1.6,1.49,1.42,1.35,1.26,1.19,1.1,1.09,1.02,0.99,0.92,0.87,0.81,0.83,0.83,0.88,0.92,0.97,1.21,,
Slovak Republic,SVK,"Incidence of HIV, ages 15-49 (per 1,000 uninfected population ages 15-49)",SH.HIV.INCD.ZS,,,,,,,,,,,,,,,,,,,,,,,,,,,,,,,0.01,0.01,0.01,0.01,0.01,0.01,0.01,0.01,0.01,0.01,0.01,0.01,0.01,0.01,0.01,0.01,0.01,0.01,0.01,0.01,0.01,0.01,0.02,0.02,0.03,0.03,0.03,0.03,0.03,0.03,0.03,0.03,,
Slovenia,SVN,"Incidence of HIV, ages 15-49 (per 1,000 uninfected population ages 15-49)",SH.HIV.INCD.ZS,,,,,,,,,,,,,,,,,,,,,,,,,,,,,,,0.01,0.01,0.01,0.01,0.01,0.01,0.01,0.01,0.01,0.02,0.03,0.03,0.04,0.04,0.05,0.05,0.05,0.05,0.05,0.05,0.04,0.04,0.04,0.03,0.03,0.02,0.02,0.02,0.02,0.01,0.01,0.01,,
Sweden,SWE,"Incidence of HIV, ages 15-49 (per 1,000 uninfected population ages 15-49)",SH.HIV.INCD.ZS,,,,,,,,,,,,,,,,,,,,,,,,,,,,,,,,,,,,,,,,,,,,,,,,,,,,,,,,,,,,,,,,
Eswatini,SWZ,"Incidence of HIV, ages 15-49 (per 1,000 uninfected population ages 15-49)",SH.HIV.INCD.ZS,,,,,,,,,,,,,,,,,,,,,,,,,,,,,,,6.2,11.69,19.64,29.35,38.49,44.88,47.31,46.94,45.44,41.9,39.43,37.11,35.74,35.29,34.61,34.53,34.16,33.6,33.2,32.76,33.01,31.6,31.51,31.83,31.27,28.78,26.69,23.09,20.06,18.73,16.17,14.88,,
Sint Maarten (Dutch part),SXM,"Incidence of HIV, ages 15-49 (per 1,000 uninfected population ages 15-49)",SH.HIV.INCD.ZS,,,,,,,,,,,,,,,,,,,,,,,,,,,,,,,,,,,,,,,,,,,,,,,,,,,,,,,,,,,,,,,,
Seychelles,SYC,"Incidence of HIV, ages 15-49 (per 1,000 uninfected population ages 15-49)",SH.HIV.INCD.ZS,,,,,,,,,,,,,,,,,,,,,,,,,,,,,,,,,,,,,,,,,,,,,,,,,,,,,,,,,,,,,,,,
Syrian Arab Republic,SYR,"Incidence of HIV, ages 15-49 (per 1,000 uninfected population ages 15-49)",SH.HIV.INCD.ZS,,,,,,,,,,,,,,,,,,,,,,,,,,,,,,,,,,,,,,,,,,,,,,,,,,,,,,,,,,,,,,,,
Turks and Caicos Islands,TCA,"Incidence of HIV, ages 15-49 (per 1,000 uninfected population ages 15-49)",SH.HIV.INCD.ZS,,,,,,,,,,,,,,,,,,,,,,,,,,,,,,,,,,,,,,,,,,,,,,,,,,,,,,,,,,,,,,,,
Chad,TCD,"Incidence of HIV, ages 15-49 (per 1,000 uninfected population ages 15-49)",SH.HIV.INCD.ZS,,,,,,,,,,,,,,,,,,,,,,,,,,,,,,,2.87,3.24,3.56,3.5,3.34,3.11,3.07,2.81,2.55,2.27,2.08,1.85,1.76,1.58,1.48,1.36,1.31,1.2,1.11,0.94,0.93,0.8,0.78,0.75,0.7,0.64,0.59,0.58,0.51,0.44,0.37,0.31,,
East Asia & Pacific (IDA & IBRD countries),TEA,"Incidence of HIV, ages 15-49 (per 1,000 uninfected population ages 15-49)",SH.HIV.INCD.ZS,,,,,,,,,,,,,,,,,,,,,,,,,,,,,,,,,,,,,,,,,,,,,,,,,,,,,,,,,,,,,,,,
Europe & Central Asia (IDA & IBRD countries),TEC,"Incidence of HIV, ages 15-49 (per 1,000 uninfected population ages 15-49)",SH.HIV.INCD.ZS,,,,,,,,,,,,,,,,,,,,,,,,,,,,,,,,,,,,,,,,,,,,,,,,,,,,,,,,,,,,,,,,
Togo,TGO,"Incidence of HIV, ages 15-49 (per 1,000 uninfected population ages 15-49)",SH.HIV.INCD.ZS,,,,,,,,,,,,,,,,,,,,,,,,,,,,,,,2.29,2.97,3.76,4.61,5.32,5.95,6.37,6.23,5.88,5.3,4.43,3.81,3.2,2.83,2.5,2.28,2.13,1.99,1.92,1.7,1.63,1.45,1.31,1.21,1.1,1.07,0.97,0.85,0.75,0.64,0.54,0.5,,
Thailand,THA,"Incidence of HIV, ages 15-49 (per 1,000 uninfected population ages 15-49)",SH.HIV.INCD.ZS,,,,,,,,,,,,,,,,,,,,,,,,,,,,,,,4.17,4.61,4.37,3.4,2.73,2.21,1.81,1.51,1.31,1.15,1.03,0.92,0.82,0.74,0.66,0.6,0.54,0.49,0.45,0.43,0.41,0.39,0.37,0.34,0.32,0.3,0.27,0.25,0.23,0.22,0.21,0.19,,
Tajikistan,TJK,"Incidence of HIV, ages 15-49 (per 1,000 uninfected population ages 15-49)",SH.HIV.INCD.ZS,,,,,,,,,,,,,,,,,,,,,,,,,,,,,,,0.01,0.01,0.01,0.01,0.01,0.01,0.01,0.01,0.01,0.01,0.01,0.01,0.02,0.03,0.05,0.08,0.12,0.17,0.22,0.28,0.37,0.27,0.21,0.19,0.18,0.18,0.17,0.17,0.17,0.17,0.17,0.17,,
Turkmenistan,TKM,"Incidence of HIV, ages 15-49 (per 1,000 uninfected population ages 15-49)",SH.HIV.INCD.ZS,,,,,,,,,,,,,,,,,,,,,,,,,,,,,,,,,,,,,,,,,,,,,,,,,,,,,,,,,,,,,,,,
Latin America & the Caribbean (IDA & IBRD countries),TLA,"Incidence of HIV, ages 15-49 (per 1,000 uninfected population ages 15-49)",SH.HIV.INCD.ZS,,,,,,,,,,,,,,,,,,,,,,,,,,,,,,,0.424747495,0.436423551,0.447232514,0.458613246,0.468298097,0.473854685,0.472204172,0.466383314,0.462714072,0.451103753,0.432825914,0.418152023,0.410100055,0.398837152,0.389967774,0.383151527,0.375610105,0.369634725,0.359958583,0.355292172,0.353228126,0.350779027,0.344888321,0.339333541,0.33150605,0.330634439,0.327704065,0.32381323,0.320330009,0.317890364,0.3136447,0.313186227,,
Timor-Leste,TLS,"Incidence of HIV, ages 15-49 (per 1,000 uninfected population ages 15-49)",SH.HIV.INCD.ZS,,,,,,,,,,,,,,,,,,,,,,,,,,,,,,,0.03,0.03,0.04,0.04,0.04,0.05,0.05,0.05,0.06,0.07,0.07,0.08,0.08,0.09,0.1,0.11,0.12,0.12,0.13,0.14,0.15,0.16,0.17,0.18,0.18,0.18,0.18,0.19,0.2,0.17,0.16,0.17,,
Middle East & North Africa (IDA & IBRD countries),TMN,"Incidence of HIV, ages 15-49 (per 1,000 uninfected population ages 15-49)",SH.HIV.INCD.ZS,,,,,,,,,,,,,,,,,,,,,,,,,,,,,,,,,,,,,,,,,,,,,,,,,,,,,,,,,,,,,,,,
Tonga,TON,"Incidence of HIV, ages 15-49 (per 1,000 uninfected population ages 15-49)",SH.HIV.INCD.ZS,,,,,,,,,,,,,,,,,,,,,,,,,,,,,,,,,,,,,,,,,,,,,,,,,,,,,,,,,,,,,,,,
South Asia (IDA & IBRD),TSA,"Incidence of HIV, ages 15-49 (per 1,000 uninfected population ages 15-49)",SH.HIV.INCD.ZS,,,,,,,,,,,,,,,,,,,,,,,,,,,,,,,,,,,,,,,,,,,,,,,,,,,,,,,,,,,,,,,,
Sub-Saharan Africa (IDA & IBRD countries),TSS,"Incidence of HIV, ages 15-49 (per 1,000 uninfected population ages 15-49)",SH.HIV.INCD.ZS,,,,,,,,,,,,,,,,,,,,,,,,,,,,,,,5.993381499,6.529661852,6.857979908,7.00816163,6.911455159,6.733379356,6.478612411,6.176973629,5.844711038,5.519997737,5.171217535,4.84848989,4.541488768,4.249103439,4.010117916,3.78464079,3.575965923,3.383204347,3.202833256,3.050804831,2.890931703,2.740462324,2.593685243,2.40175154,2.224821083,2.064091209,1.91629417,1.729105454,1.546745453,1.392866784,1.230851178,1.09517177,,
Trinidad and Tobago,TTO,"Incidence of HIV, ages 15-49 (per 1,000 uninfected population ages 15-49)",SH.HIV.INCD.ZS,,,,,,,,,,,,,,,,,,,,,,,,,,,,,,,,,,,,,,,,,,,,,,,,,,,,,,,,,,,,,,,,
Tunisia,TUN,"Incidence of HIV, ages 15-49 (per 1,000 uninfected population ages 15-49)",SH.HIV.INCD.ZS,,,,,,,,,,,,,,,,,,,,,,,,,,,,,,,0.01,0.01,0.01,0.01,0.01,0.01,0.01,0.01,0.01,0.01,0.01,0.02,0.02,0.03,0.04,0.05,0.06,0.06,0.07,0.07,0.07,0.07,0.06,0.06,0.06,0.06,0.06,0.06,0.06,0.06,0.06,0.06,,
Turkiye,TUR,"Incidence of HIV, ages 15-49 (per 1,000 uninfected population ages 15-49)",SH.HIV.INCD.ZS,,,,,,,,,,,,,,,,,,,,,,,,,,,,,,,,,,,,,,,,,,,,,,,,,,,,,,,,,,,,,,,,
Tuvalu,TUV,"Incidence of HIV, ages 15-49 (per 1,000 uninfected population ages 15-49)",SH.HIV.INCD.ZS,,,,,,,,,,,,,,,,,,,,,,,,,,,,,,,,,,,,,,,,,,,,,,,,,,,,,,,,,,,,,,,,
Tanzania,TZA,"Incidence of HIV, ages 15-49 (per 1,000 uninfected population ages 15-49)",SH.HIV.INCD.ZS,,,,,,,,,,,,,,,,,,,,,,,,,,,,,,,11.47,11.78,11.84,11.45,10.9,10.08,9.31,8.41,7.88,7.22,6.68,6.37,6,5.59,5.33,5.08,4.9,4.59,4.23,4.23,4.15,4.11,4.14,3.9,3.68,3.43,3.25,2.96,2.69,2.34,1.88,1.55,,
Uganda,UGA,"Incidence of HIV, ages 15-49 (per 1,000 uninfected population ages 15-49)",SH.HIV.INCD.ZS,,,,,,,,,,,,,,,,,,,,,,,,,,,,,,,11.56,10.45,9.42,9.1,8.64,8.4,8,7.69,7.39,7.14,6.9,6.77,6.53,6.33,6.13,5.84,5.7,5.75,5.75,5.54,5.34,5.16,4.97,4.55,4.16,3.81,3.64,3.32,2.91,2.62,2.41,2.4,,
Ukraine,UKR,"Incidence of HIV, ages 15-49 (per 1,000 uninfected population ages 15-49)",SH.HIV.INCD.ZS,,,,,,,,,,,,,,,,,,,,,,,,,,,,,,,0.06,0.1,0.18,0.31,0.49,0.74,1.01,1.14,1.24,1.28,1.23,1.11,0.98,0.88,0.77,0.7,0.61,0.56,0.54,0.53,0.49,0.47,0.46,0.44,0.43,0.43,0.42,0.4,0.37,0.34,0.32,0.3,,
Upper middle income,UMC,"Incidence of HIV, ages 15-49 (per 1,000 uninfected population ages 15-49)",SH.HIV.INCD.ZS,,,,,,,,,,,,,,,,,,,,,,,,,,,,,,,,,,,,,,,,,,,,,,,,,,,,,,,,,,,,,,,,
Uruguay,URY,"Incidence of HIV, ages 15-49 (per 1,000 uninfected population ages 15-49)",SH.HIV.INCD.ZS,,,,,,,,,,,,,,,,,,,,,,,,,,,,,,,0.16,0.22,0.33,0.34,0.35,0.37,0.38,0.4,0.38,0.3,0.34,0.31,0.33,0.32,0.34,0.36,0.37,0.37,0.4,0.41,0.43,0.42,0.43,0.47,0.44,0.43,0.44,0.43,0.45,0.44,0.47,0.49,,
United States,USA,"Incidence of HIV, ages 15-49 (per 1,000 uninfected population ages 15-49)",SH.HIV.INCD.ZS,,,,,,,,,,,,,,,,,,,,,,,,,,,,,,,,,,,,,,,,,,,,,,,,,,,0.23,0.22,0.22,0.21,0.22,0.22,0.22,0.21,0.21,0.2,,,,
Uzbekistan,UZB,"Incidence of HIV, ages 15-49 (per 1,000 uninfected population ages 15-49)",SH.HIV.INCD.ZS,,,,,,,,,,,,,,,,,,,,,,,,,,,,,,,0.01,0.01,0.01,0.01,0.01,0.01,0.01,0.01,0.01,0.02,0.03,0.04,0.06,0.09,0.13,0.16,0.18,0.18,0.18,0.18,0.18,0.18,0.18,0.18,0.18,0.18,0.18,0.18,0.18,0.18,0.18,0.18,,
St. Vincent and the Grenadines,VCT,"Incidence of HIV, ages 15-49 (per 1,000 uninfected population ages 15-49)",SH.HIV.INCD.ZS,,,,,,,,,,,,,,,,,,,,,,,,,,,,,,,,,,,,,,,,,,,,,,,,,,,,,,,,,,,,,,,,
"Venezuela, RB",VEN,"Incidence of HIV, ages 15-49 (per 1,000 uninfected population ages 15-49)",SH.HIV.INCD.ZS,,,,,,,,,,,,,,,,,,,,,,,,,,,,,,,,,,,,,,,,,,,,,,,,,,,,,,,,,,,,,,,,
British Virgin Islands,VGB,"Incidence of HIV, ages 15-49 (per 1,000 uninfected population ages 15-49)",SH.HIV.INCD.ZS,,,,,,,,,,,,,,,,,,,,,,,,,,,,,,,,,,,,,,,,,,,,,,,,,,,,,,,,,,,,,,,,
Virgin Islands (U.S.),VIR,"Incidence of HIV, ages 15-49 (per 1,000 uninfected population ages 15-49)",SH.HIV.INCD.ZS,,,,,,,,,,,,,,,,,,,,,,,,,,,,,,,,,,,,,,,,,,,,,,,,,,,,,,,,,,,,,,,,
Viet Nam,VNM,"Incidence of HIV, ages 15-49 (per 1,000 uninfected population ages 15-49)",SH.HIV.INCD.ZS,,,,,,,,,,,,,,,,,,,,,,,,,,,,,,,0.03,0.06,0.12,0.22,0.32,0.39,0.42,0.42,0.43,0.43,0.43,0.42,0.43,0.42,0.4,0.38,0.35,0.32,0.3,0.27,0.26,0.24,0.22,0.21,0.19,0.18,0.16,0.14,0.12,0.11,0.1,0.09,,
Vanuatu,VUT,"Incidence of HIV, ages 15-49 (per 1,000 uninfected population ages 15-49)",SH.HIV.INCD.ZS,,,,,,,,,,,,,,,,,,,,,,,,,,,,,,,,,,,,,,,,,,,,,,,,,,,,,,,,,,,,,,,,
World,WLD,"Incidence of HIV, ages 15-49 (per 1,000 uninfected population ages 15-49)",SH.HIV.INCD.ZS,,,,,,,,,,,,,,,,,,,,,,,,,,,,,,,0.67,0.75,0.81,0.84,0.88,0.87,0.86,0.84,0.8,0.76,0.71,0.67,0.64,0.61,0.59,0.57,0.55,0.53,0.51,0.5,0.49,0.48,0.46,0.45,0.43,0.41,0.4,0.38,0.36,0.35,0.33,0.31,,
Samoa,WSM,"Incidence of HIV, ages 15-49 (per 1,000 uninfected population ages 15-49)",SH.HIV.INCD.ZS,,,,,,,,,,,,,,,,,,,,,,,,,,,,,,,,,,,,,,,,,,,,,,,,,,,,,,,,,,,,,,,,
Kosovo,XKX,"Incidence of HIV, ages 15-49 (per 1,000 uninfected population ages 15-49)",SH.HIV.INCD.ZS,,,,,,,,,,,,,,,,,,,,,,,,,,,,,,,,,,,,,,,,,,,,,,,,,,,,,,,,,,,,,,,,
"Yemen, Rep.",YEM,"Incidence of HIV, ages 15-49 (per 1,000 uninfected population ages 15-49)",SH.HIV.INCD.ZS,,,,,,,,,,,,,,,,,,,,,,,,,,,,,,,0.03,0.03,0.03,0.03,0.03,0.03,0.03,0.03,0.03,0.04,0.04,0.04,0.04,0.04,0.04,0.04,0.04,0.05,0.05,0.05,0.05,0.05,0.05,0.05,0.05,0.06,0.06,0.06,0.06,0.06,0.06,0.06,,
South Africa,ZAF,"Incidence of HIV, ages 15-49 (per 1,000 uninfected population ages 15-49)",SH.HIV.INCD.ZS,,,,,,,,,,,,,,,,,,,,,,,,,,,,,,,4.26,6.28,8.64,11.22,13.88,16.36,18.46,20.02,21.02,21.51,21.56,21.22,20.6,19.84,19.11,18.39,17.71,17.15,16.64,16.17,15.62,15.03,14.31,13.41,12.61,11.79,11.09,10.1,8.95,8.14,7.35,6.9,,
Zambia,ZMB,"Incidence of HIV, ages 15-49 (per 1,000 uninfected population ages 15-49)",SH.HIV.INCD.ZS,,,,,,,,,,,,,,,,,,,,,,,,,,,,,,,23.53,24.32,24.2,23.4,22.16,21.28,20,18.96,17.67,17.04,16.08,15.35,14.77,14.18,13.64,13.13,12.59,12.09,11.37,10.86,10.57,10.19,9.76,9.41,9.04,8.32,7.57,7.3,6.94,5.75,4.69,4,,
Zimbabwe,ZWE,"Incidence of HIV, ages 15-49 (per 1,000 uninfected population ages 15-49)",SH.HIV.INCD.ZS,,,,,,,,,,,,,,,,,,,,,,,,,,,,,,,46.99,49.62,49.16,46.28,41.88,37.13,32.63,28.77,25.3,22.59,20.34,18.59,16.91,15.65,14.8,13.94,13.12,12.32,11.66,11.04,10.48,9.6,8.65,8.03,7.28,6.5,5.64,4.82,3.8,3.11,2.73,2.37,,
